[10:26:24] [main/INFO]: Loading Minecraft 1.21.4 with Fabric Loader 0.18.4
[10:26:24] [main/INFO]: Loading 4 mods:
	- fabricloader 0.18.4
	   \-- mixinextras 0.5.0
	- java 25
	- minecraft 1.21.4
[10:26:24] [main/INFO]: SpongePowered MIXIN Subsystem Version=0.8.7 Source=file:/workspaces/Server/minecraft-fabric/libraries/net/fabricmc/sponge-mixin/0.17.0+mixin.0.8.7/sponge-mixin-0.17.0+mixin.0.8.7.jar Service=Knot/Fabric Env=SERVER
[10:26:29] [main/INFO]: Environment: Environment[sessionHost=https://sessionserver.mojang.com, servicesHost=https://api.minecraftservices.com, name=PROD]
[10:26:31] [main/INFO]: Loaded 1370 recipes
[10:26:31] [main/INFO]: Loaded 1481 advancements
[10:26:31] [Server thread/INFO]: Starting minecraft server version 1.21.4
[10:26:31] [Server thread/INFO]: Loading properties
[10:26:31] [Server thread/INFO]: Default game type: SURVIVAL
[10:26:31] [Server thread/INFO]: Generating keypair
[10:26:31] [Server thread/INFO]: Starting Minecraft server on *:25565
[10:26:31] [Server thread/INFO]: Using epoll channel type
[10:26:32] [Server thread/WARN]: **** SERVER IS RUNNING IN OFFLINE/INSECURE MODE!
[10:26:32] [Server thread/WARN]: The server will make no attempt to authenticate usernames. Beware.
[10:26:32] [Server thread/WARN]: While this makes the game possible to play without internet access, it also opens up the ability for hackers to connect with any username they choose.
[10:26:32] [Server thread/WARN]: To change this, set "online-mode" to "true" in the server.properties file.
[10:26:32] [Server thread/INFO]: Preparing level "world"
[10:26:32] [Server thread/INFO]: Preparing start region for dimension minecraft:overworld
[10:26:35] [Worker-Main-3/INFO]: Preparing spawn area: 0%
[10:26:35] [Worker-Main-3/INFO]: Preparing spawn area: 0%
[10:26:35] [Worker-Main-3/INFO]: Preparing spawn area: 0%
[10:26:35] [Worker-Main-3/INFO]: Preparing spawn area: 0%
[10:26:35] [Worker-Main-3/INFO]: Preparing spawn area: 0%
[10:26:35] [Worker-Main-3/INFO]: Preparing spawn area: 0%
[10:26:35] [Server thread/INFO]: Time elapsed: 2971 ms
[10:26:35] [Server thread/INFO]: Done (3.269s)! For help, type "help"
[10:26:41] [Server thread/INFO]: chira1785[/127.36.59.231:58149] logged in with entity id 11 at (214.0012919024124, 72.00415639690078, 904.9168632805614)
[10:26:41] [Server thread/INFO]: chira1785 joined the game
[10:27:16] [Server thread/INFO]: ThroneS[/127.57.222.137:49605] logged in with entity id 456 at (140.76586856882622, 321.4904807320041, 2363.953420053595)
[10:27:16] [Server thread/INFO]: ThroneS joined the game
[10:27:23] [Server thread/INFO]: ThroneS lost connection: Disconnected
[10:27:23] [Server thread/INFO]: ThroneS left the game
[10:27:30] [Server thread/INFO]: ThroneS[/127.57.222.137:34461] logged in with entity id 712 at (157.8627434203362, 269.9874520821963, 2399.0061186908747)
[10:27:30] [Server thread/INFO]: ThroneS joined the game
[10:27:39] [Server thread/WARN]: ThroneS moved too quickly! -15.822015460519424,-4.8687867646868455,5.804667258092195
[10:28:21] [Server thread/INFO]: [ThroneS: Teleported ThroneS to chira1785]
[10:30:02] [Server thread/WARN]: ThroneS moved too quickly! 8.806199353992291,0.0,5.014517377854418
[10:30:38] [Server thread/WARN]: ThroneS moved too quickly! -6.8755166991522,0.0,-7.8050460039489735
[10:31:33] [Server thread/INFO]: [@: Summoned new Primed TNT]
[10:31:33] [Server thread/INFO]: [@: Summoned new Primed TNT]
[10:31:33] [Server thread/INFO]: [@: Summoned new Primed TNT]
[10:31:33] [Server thread/INFO]: [@: Summoned new Primed TNT]
[10:31:33] [Server thread/INFO]: [@: Summoned new Primed TNT]
[10:31:45] [Server thread/INFO]: [chira1785: Teleported chira1785 to ThroneS]
[10:32:27] [Server thread/WARN]: chira1785 moved too quickly! 7.489575598876485,0.0,-12.111375409007223
[10:32:27] [Server thread/WARN]: ThroneS moved too quickly! 8.769953242158394,0.0,-6.053187772762385
[10:32:34] [Server thread/INFO]: [chira1785: Teleported chira1785 to ThroneS]
[10:32:41] [Server thread/INFO]: [@: Summoned new Primed TNT]
[10:32:41] [Server thread/INFO]: [@: Summoned new Primed TNT]
[10:32:41] [Server thread/INFO]: [@: Summoned new Primed TNT]
[10:32:41] [Server thread/INFO]: [@: Summoned new Primed TNT]
[10:32:41] [Server thread/INFO]: [@: Summoned new Primed TNT]
[10:32:41] [Server thread/INFO]: [@: Summoned new Primed TNT]
[10:32:41] [Server thread/INFO]: [@: Summoned new Primed TNT]
[10:32:41] [Server thread/INFO]: [@: Summoned new Primed TNT]
[10:32:41] [Server thread/INFO]: [@: Summoned new Primed TNT]
[10:32:41] [Server thread/INFO]: [@: Summoned new Primed TNT]
[10:32:41] [Server thread/INFO]: [@: Summoned new Primed TNT]
[10:32:41] [Server thread/INFO]: [@: Summoned new Primed TNT]
[10:32:41] [Server thread/INFO]: [@: Summoned new Primed TNT]
[10:32:41] [Server thread/INFO]: [@: Summoned new Primed TNT]
[10:32:41] [Server thread/INFO]: [@: Summoned new Primed TNT]
[10:32:41] [Server thread/INFO]: [@: Summoned new Primed TNT]
[10:32:41] [Server thread/INFO]: [@: Summoned new Primed TNT]
[10:32:42] [Server thread/INFO]: [@: Summoned new Primed TNT]
[10:32:42] [Server thread/INFO]: [@: Summoned new Primed TNT]
[10:32:42] [Server thread/INFO]: [@: Summoned new Primed TNT]
[10:32:42] [Server thread/INFO]: [@: Summoned new Primed TNT]
[10:32:42] [Server thread/INFO]: [@: Summoned new Primed TNT]
[10:32:42] [Server thread/INFO]: [@: Summoned new Primed TNT]
[10:32:42] [Server thread/INFO]: [@: Summoned new Primed TNT]
[10:32:42] [Server thread/INFO]: [@: Summoned new Primed TNT]
[10:32:42] [Server thread/INFO]: [@: Summoned new Primed TNT]
[10:32:42] [Server thread/INFO]: [@: Summoned new Primed TNT]
[10:32:42] [Server thread/INFO]: [@: Summoned new Primed TNT]
[10:32:42] [Server thread/INFO]: [@: Summoned new Primed TNT]
[10:32:42] [Server thread/INFO]: [@: Summoned new Primed TNT]
[10:32:42] [Server thread/INFO]: [@: Summoned new Primed TNT]
[10:32:42] [Server thread/INFO]: [@: Summoned new Primed TNT]
[10:32:42] [Server thread/INFO]: [@: Summoned new Primed TNT]
[10:32:42] [Server thread/INFO]: [@: Summoned new Primed TNT]
[10:32:42] [Server thread/INFO]: [@: Summoned new Primed TNT]
[10:32:42] [Server thread/INFO]: [@: Summoned new Primed TNT]
[10:32:42] [Server thread/INFO]: [@: Summoned new Primed TNT]
[10:32:43] [Server thread/INFO]: [@: Summoned new Primed TNT]
[10:32:43] [Server thread/INFO]: [@: Summoned new Primed TNT]
[10:32:43] [Server thread/INFO]: [@: Summoned new Primed TNT]
[10:32:43] [Server thread/INFO]: [@: Summoned new Primed TNT]
[10:32:43] [Server thread/INFO]: [@: Summoned new Primed TNT]
[10:32:43] [Server thread/INFO]: [@: Summoned new Primed TNT]
[10:32:43] [Server thread/INFO]: [@: Summoned new Primed TNT]
[10:32:43] [Server thread/INFO]: [@: Summoned new Primed TNT]
[10:32:43] [Server thread/INFO]: [@: Summoned new Primed TNT]
[10:32:43] [Server thread/INFO]: [@: Summoned new Primed TNT]
[10:32:43] [Server thread/INFO]: [@: Summoned new Primed TNT]
[10:32:43] [Server thread/INFO]: [@: Summoned new Primed TNT]
[10:32:43] [Server thread/INFO]: [@: Summoned new Primed TNT]
[10:32:43] [Server thread/INFO]: [@: Summoned new Primed TNT]
[10:32:43] [Server thread/INFO]: [@: Summoned new Primed TNT]
[10:32:43] [Server thread/INFO]: [@: Summoned new Primed TNT]
[10:32:43] [Server thread/INFO]: [@: Summoned new Primed TNT]
[10:32:43] [Server thread/INFO]: [@: Summoned new Primed TNT]
[10:32:43] [Server thread/INFO]: [@: Summoned new Primed TNT]
[10:32:43] [Server thread/INFO]: [@: Summoned new Primed TNT]
[10:32:43] [Server thread/INFO]: [@: Summoned new Primed TNT]
[10:32:43] [Server thread/INFO]: [@: Summoned new Primed TNT]
[10:32:43] [Server thread/INFO]: [@: Summoned new Primed TNT]
[10:32:43] [Server thread/INFO]: [@: Summoned new Primed TNT]
[10:32:43] [Server thread/INFO]: [@: Summoned new Primed TNT]
[10:32:43] [Server thread/INFO]: [@: Summoned new Primed TNT]
[10:32:43] [Server thread/INFO]: [@: Summoned new Primed TNT]
[10:32:43] [Server thread/INFO]: [@: Summoned new Primed TNT]
[10:32:43] [Server thread/INFO]: [@: Summoned new Primed TNT]
[10:32:43] [Server thread/INFO]: [@: Summoned new Primed TNT]
[10:32:43] [Server thread/INFO]: [@: Summoned new Primed TNT]
[10:32:43] [Server thread/INFO]: [@: Summoned new Primed TNT]
[10:32:43] [Server thread/INFO]: [@: Summoned new Primed TNT]
[10:32:44] [Server thread/INFO]: [@: Summoned new Primed TNT]
[10:32:44] [Server thread/INFO]: [@: Summoned new Primed TNT]
[10:32:44] [Server thread/INFO]: [@: Summoned new Primed TNT]
[10:32:44] [Server thread/INFO]: [@: Summoned new Primed TNT]
[10:32:44] [Server thread/INFO]: [@: Summoned new Primed TNT]
[10:32:44] [Server thread/INFO]: [@: Summoned new Primed TNT]
[10:32:44] [Server thread/INFO]: [@: Summoned new Primed TNT]
[10:32:44] [Server thread/INFO]: [@: Summoned new Primed TNT]
[10:32:44] [Server thread/INFO]: [@: Summoned new Primed TNT]
[10:32:44] [Server thread/INFO]: [@: Summoned new Primed TNT]
[10:32:44] [Server thread/INFO]: [@: Summoned new Primed TNT]
[10:32:44] [Server thread/INFO]: [@: Summoned new Primed TNT]
[10:32:44] [Server thread/INFO]: [@: Summoned new Primed TNT]
[10:32:44] [Server thread/INFO]: [@: Summoned new Primed TNT]
[10:32:44] [Server thread/INFO]: [@: Summoned new Primed TNT]
[10:32:44] [Server thread/INFO]: [@: Summoned new Primed TNT]
[10:32:44] [Server thread/INFO]: [@: Summoned new Primed TNT]
[10:32:44] [Server thread/INFO]: [@: Summoned new Primed TNT]
[10:32:44] [Server thread/INFO]: [@: Summoned new Primed TNT]
[10:32:44] [Server thread/INFO]: [@: Summoned new Primed TNT]
[10:32:44] [Server thread/INFO]: [@: Summoned new Primed TNT]
[10:32:44] [Server thread/INFO]: [@: Summoned new Primed TNT]
[10:32:44] [Server thread/INFO]: [@: Summoned new Primed TNT]
[10:32:44] [Server thread/INFO]: [@: Summoned new Primed TNT]
[10:32:44] [Server thread/INFO]: [@: Summoned new Primed TNT]
[10:32:44] [Server thread/INFO]: [@: Summoned new Primed TNT]
[10:32:44] [Server thread/INFO]: [@: Summoned new Primed TNT]
[10:32:44] [Server thread/INFO]: [@: Summoned new Primed TNT]
[10:32:44] [Server thread/INFO]: [@: Summoned new Primed TNT]
[10:32:44] [Server thread/INFO]: [@: Summoned new Primed TNT]
[10:32:44] [Server thread/INFO]: [@: Summoned new Primed TNT]
[10:32:44] [Server thread/INFO]: [@: Summoned new Primed TNT]
[10:32:44] [Server thread/INFO]: [@: Summoned new Primed TNT]
[10:32:44] [Server thread/INFO]: [@: Summoned new Primed TNT]
[10:32:44] [Server thread/INFO]: [@: Summoned new Primed TNT]
[10:32:44] [Server thread/INFO]: [@: Summoned new Primed TNT]
[10:32:44] [Server thread/INFO]: [@: Summoned new Primed TNT]
[10:32:44] [Server thread/INFO]: [@: Summoned new Primed TNT]
[10:32:44] [Server thread/INFO]: [@: Summoned new Primed TNT]
[10:32:44] [Server thread/INFO]: [@: Summoned new Primed TNT]
[10:32:44] [Server thread/INFO]: [@: Summoned new Primed TNT]
[10:32:44] [Server thread/INFO]: [@: Summoned new Primed TNT]
[10:32:44] [Server thread/INFO]: [@: Summoned new Primed TNT]
[10:32:44] [Server thread/INFO]: [@: Summoned new Primed TNT]
[10:32:44] [Server thread/INFO]: [@: Summoned new Primed TNT]
[10:32:44] [Server thread/INFO]: [@: Summoned new Primed TNT]
[10:32:44] [Server thread/INFO]: [@: Summoned new Primed TNT]
[10:32:44] [Server thread/INFO]: [@: Summoned new Primed TNT]
[10:32:44] [Server thread/INFO]: [@: Summoned new Primed TNT]
[10:32:44] [Server thread/INFO]: [@: Summoned new Primed TNT]
[10:32:44] [Server thread/INFO]: [@: Summoned new Primed TNT]
[10:32:44] [Server thread/INFO]: [@: Summoned new Primed TNT]
[10:32:44] [Server thread/INFO]: [@: Summoned new Primed TNT]
[10:32:44] [Server thread/INFO]: [@: Summoned new Primed TNT]
[10:32:44] [Server thread/INFO]: [@: Summoned new Primed TNT]
[10:32:44] [Server thread/INFO]: [@: Summoned new Primed TNT]
[10:32:44] [Server thread/INFO]: [@: Summoned new Primed TNT]
[10:32:44] [Server thread/INFO]: [@: Summoned new Primed TNT]
[10:32:44] [Server thread/INFO]: [@: Summoned new Primed TNT]
[10:32:44] [Server thread/INFO]: [@: Summoned new Primed TNT]
[10:32:44] [Server thread/INFO]: [@: Summoned new Primed TNT]
[10:32:44] [Server thread/INFO]: [@: Summoned new Primed TNT]
[10:32:44] [Server thread/INFO]: [@: Summoned new Primed TNT]
[10:32:44] [Server thread/INFO]: [@: Summoned new Primed TNT]
[10:32:44] [Server thread/INFO]: [@: Summoned new Primed TNT]
[10:32:44] [Server thread/INFO]: [@: Summoned new Primed TNT]
[10:32:44] [Server thread/INFO]: [@: Summoned new Primed TNT]
[10:32:44] [Server thread/INFO]: [@: Summoned new Primed TNT]
[10:32:44] [Server thread/INFO]: [@: Summoned new Primed TNT]
[10:32:44] [Server thread/INFO]: [@: Summoned new Primed TNT]
[10:32:44] [Server thread/INFO]: [@: Summoned new Primed TNT]
[10:32:45] [Server thread/INFO]: [@: Summoned new Primed TNT]
[10:32:45] [Server thread/INFO]: [@: Summoned new Primed TNT]
[10:32:45] [Server thread/INFO]: [@: Summoned new Primed TNT]
[10:32:45] [Server thread/INFO]: [@: Summoned new Primed TNT]
[10:32:45] [Server thread/INFO]: [@: Summoned new Primed TNT]
[10:32:45] [Server thread/INFO]: [@: Summoned new Primed TNT]
[10:32:45] [Server thread/INFO]: [@: Summoned new Primed TNT]
[10:32:45] [Server thread/INFO]: [@: Summoned new Primed TNT]
[10:32:45] [Server thread/INFO]: [@: Summoned new Primed TNT]
[10:32:45] [Server thread/INFO]: [@: Summoned new Primed TNT]
[10:32:45] [Server thread/INFO]: [@: Summoned new Primed TNT]
[10:32:45] [Server thread/INFO]: [@: Summoned new Primed TNT]
[10:32:45] [Server thread/INFO]: [@: Summoned new Primed TNT]
[10:32:45] [Server thread/INFO]: [@: Summoned new Primed TNT]
[10:32:45] [Server thread/INFO]: [@: Summoned new Primed TNT]
[10:32:45] [Server thread/INFO]: [@: Summoned new Primed TNT]
[10:32:45] [Server thread/INFO]: [@: Summoned new Primed TNT]
[10:32:45] [Server thread/INFO]: [@: Summoned new Primed TNT]
[10:32:45] [Server thread/INFO]: [@: Summoned new Primed TNT]
[10:32:45] [Server thread/INFO]: [@: Summoned new Primed TNT]
[10:32:45] [Server thread/INFO]: [@: Summoned new Primed TNT]
[10:32:45] [Server thread/INFO]: [@: Summoned new Primed TNT]
[10:32:45] [Server thread/INFO]: [@: Summoned new Primed TNT]
[10:32:45] [Server thread/INFO]: [@: Summoned new Primed TNT]
[10:32:45] [Server thread/INFO]: [@: Summoned new Primed TNT]
[10:32:45] [Server thread/INFO]: [@: Summoned new Primed TNT]
[10:32:45] [Server thread/INFO]: [@: Summoned new Primed TNT]
[10:32:45] [Server thread/INFO]: [@: Summoned new Primed TNT]
[10:32:45] [Server thread/INFO]: [@: Summoned new Primed TNT]
[10:32:45] [Server thread/INFO]: [@: Summoned new Primed TNT]
[10:32:45] [Server thread/INFO]: [@: Summoned new Primed TNT]
[10:32:45] [Server thread/INFO]: [@: Summoned new Primed TNT]
[10:32:45] [Server thread/INFO]: [@: Summoned new Primed TNT]
[10:32:45] [Server thread/INFO]: [@: Summoned new Primed TNT]
[10:32:45] [Server thread/INFO]: [@: Summoned new Primed TNT]
[10:32:45] [Server thread/INFO]: [@: Summoned new Primed TNT]
[10:32:45] [Server thread/INFO]: [@: Summoned new Primed TNT]
[10:32:45] [Server thread/INFO]: [@: Summoned new Primed TNT]
[10:32:45] [Server thread/INFO]: [@: Summoned new Primed TNT]
[10:32:45] [Server thread/INFO]: [@: Summoned new Primed TNT]
[10:32:45] [Server thread/INFO]: [@: Summoned new Primed TNT]
[10:32:45] [Server thread/INFO]: [@: Summoned new Primed TNT]
[10:32:45] [Server thread/INFO]: [@: Summoned new Primed TNT]
[10:32:45] [Server thread/INFO]: [@: Summoned new Primed TNT]
[10:32:45] [Server thread/INFO]: [@: Summoned new Primed TNT]
[10:32:45] [Server thread/INFO]: [@: Summoned new Primed TNT]
[10:32:45] [Server thread/INFO]: [@: Summoned new Primed TNT]
[10:32:45] [Server thread/INFO]: [@: Summoned new Primed TNT]
[10:32:45] [Server thread/INFO]: [@: Summoned new Primed TNT]
[10:32:45] [Server thread/INFO]: [@: Summoned new Primed TNT]
[10:32:45] [Server thread/INFO]: [@: Summoned new Primed TNT]
[10:32:45] [Server thread/INFO]: [@: Summoned new Primed TNT]
[10:32:45] [Server thread/INFO]: [@: Summoned new Primed TNT]
[10:32:46] [Server thread/INFO]: [@: Summoned new Primed TNT]
[10:32:46] [Server thread/INFO]: [@: Summoned new Primed TNT]
[10:32:46] [Server thread/INFO]: [@: Summoned new Primed TNT]
[10:32:46] [Server thread/INFO]: [@: Summoned new Primed TNT]
[10:32:46] [Server thread/INFO]: [@: Summoned new Primed TNT]
[10:32:46] [Server thread/INFO]: [@: Summoned new Primed TNT]
[10:32:46] [Server thread/INFO]: [@: Summoned new Primed TNT]
[10:32:46] [Server thread/INFO]: [@: Summoned new Primed TNT]
[10:32:46] [Server thread/INFO]: [@: Summoned new Primed TNT]
[10:32:46] [Server thread/INFO]: [@: Summoned new Primed TNT]
[10:32:46] [Server thread/INFO]: [@: Summoned new Primed TNT]
[10:32:46] [Server thread/INFO]: [@: Summoned new Primed TNT]
[10:32:46] [Server thread/INFO]: [@: Summoned new Primed TNT]
[10:32:46] [Server thread/INFO]: [@: Summoned new Primed TNT]
[10:32:46] [Server thread/INFO]: [@: Summoned new Primed TNT]
[10:32:46] [Server thread/INFO]: [@: Summoned new Primed TNT]
[10:32:46] [Server thread/INFO]: [@: Summoned new Primed TNT]
[10:32:46] [Server thread/INFO]: [@: Summoned new Primed TNT]
[10:32:46] [Server thread/INFO]: [@: Summoned new Primed TNT]
[10:32:46] [Server thread/INFO]: [@: Summoned new Primed TNT]
[10:32:46] [Server thread/INFO]: [@: Summoned new Primed TNT]
[10:32:46] [Server thread/INFO]: [@: Summoned new Primed TNT]
[10:32:46] [Server thread/INFO]: [@: Summoned new Primed TNT]
[10:32:46] [Server thread/INFO]: [@: Summoned new Primed TNT]
[10:32:46] [Server thread/INFO]: [@: Summoned new Primed TNT]
[10:32:46] [Server thread/INFO]: [@: Summoned new Primed TNT]
[10:32:46] [Server thread/INFO]: [@: Summoned new Primed TNT]
[10:32:46] [Server thread/INFO]: [@: Summoned new Primed TNT]
[10:32:46] [Server thread/INFO]: [@: Summoned new Primed TNT]
[10:32:46] [Server thread/INFO]: [@: Summoned new Primed TNT]
[10:32:46] [Server thread/INFO]: [@: Summoned new Primed TNT]
[10:32:46] [Server thread/INFO]: [@: Summoned new Primed TNT]
[10:32:46] [Server thread/INFO]: [@: Summoned new Primed TNT]
[10:32:46] [Server thread/INFO]: [@: Summoned new Primed TNT]
[10:32:46] [Server thread/INFO]: [@: Summoned new Primed TNT]
[10:32:46] [Server thread/INFO]: [@: Summoned new Primed TNT]
[10:32:46] [Server thread/INFO]: [@: Summoned new Primed TNT]
[10:32:46] [Server thread/INFO]: [@: Summoned new Primed TNT]
[10:32:46] [Server thread/INFO]: [@: Summoned new Primed TNT]
[10:32:46] [Server thread/INFO]: [@: Summoned new Primed TNT]
[10:32:46] [Server thread/INFO]: [@: Summoned new Primed TNT]
[10:32:46] [Server thread/INFO]: [@: Summoned new Primed TNT]
[10:32:46] [Server thread/INFO]: [@: Summoned new Primed TNT]
[10:32:46] [Server thread/INFO]: [@: Summoned new Primed TNT]
[10:32:46] [Server thread/INFO]: [@: Summoned new Primed TNT]
[10:32:46] [Server thread/INFO]: [@: Summoned new Primed TNT]
[10:32:46] [Server thread/INFO]: [@: Summoned new Primed TNT]
[10:32:46] [Server thread/INFO]: [@: Summoned new Primed TNT]
[10:32:46] [Server thread/INFO]: [@: Summoned new Primed TNT]
[10:32:46] [Server thread/INFO]: [@: Summoned new Primed TNT]
[10:32:46] [Server thread/INFO]: [@: Summoned new Primed TNT]
[10:32:46] [Server thread/INFO]: [@: Summoned new Primed TNT]
[10:32:46] [Server thread/INFO]: [@: Summoned new Primed TNT]
[10:32:46] [Server thread/INFO]: [@: Summoned new Primed TNT]
[10:32:46] [Server thread/INFO]: [@: Summoned new Primed TNT]
[10:32:46] [Server thread/INFO]: [@: Summoned new Primed TNT]
[10:32:46] [Server thread/INFO]: [@: Summoned new Primed TNT]
[10:32:46] [Server thread/INFO]: [@: Summoned new Primed TNT]
[10:32:46] [Server thread/INFO]: [@: Summoned new Primed TNT]
[10:32:47] [Server thread/INFO]: [@: Summoned new Primed TNT]
[10:32:47] [Server thread/INFO]: [@: Summoned new Primed TNT]
[10:32:47] [Server thread/INFO]: [@: Summoned new Primed TNT]
[10:32:47] [Server thread/INFO]: [@: Summoned new Primed TNT]
[10:32:47] [Server thread/INFO]: [@: Summoned new Primed TNT]
[10:32:47] [Server thread/INFO]: [@: Summoned new Primed TNT]
[10:32:47] [Server thread/INFO]: [@: Summoned new Primed TNT]
[10:32:47] [Server thread/INFO]: [@: Summoned new Primed TNT]
[10:32:47] [Server thread/INFO]: [@: Summoned new Primed TNT]
[10:32:47] [Server thread/INFO]: [@: Summoned new Primed TNT]
[10:32:47] [Server thread/INFO]: [@: Summoned new Primed TNT]
[10:32:47] [Server thread/INFO]: [@: Summoned new Primed TNT]
[10:32:47] [Server thread/INFO]: [@: Summoned new Primed TNT]
[10:32:47] [Server thread/INFO]: [@: Summoned new Primed TNT]
[10:32:47] [Server thread/INFO]: [@: Summoned new Primed TNT]
[10:32:47] [Server thread/INFO]: [@: Summoned new Primed TNT]
[10:32:47] [Server thread/INFO]: [@: Summoned new Primed TNT]
[10:32:47] [Server thread/INFO]: [@: Summoned new Primed TNT]
[10:32:47] [Server thread/INFO]: [@: Summoned new Primed TNT]
[10:32:47] [Server thread/INFO]: [@: Summoned new Primed TNT]
[10:32:47] [Server thread/INFO]: [@: Summoned new Primed TNT]
[10:32:47] [Server thread/INFO]: [@: Summoned new Primed TNT]
[10:32:47] [Server thread/INFO]: [@: Summoned new Primed TNT]
[10:32:47] [Server thread/INFO]: [@: Summoned new Primed TNT]
[10:32:47] [Server thread/INFO]: [@: Summoned new Primed TNT]
[10:32:47] [Server thread/INFO]: [@: Summoned new Primed TNT]
[10:32:47] [Server thread/INFO]: [@: Summoned new Primed TNT]
[10:32:47] [Server thread/INFO]: [@: Summoned new Primed TNT]
[10:32:47] [Server thread/INFO]: [@: Summoned new Primed TNT]
[10:32:47] [Server thread/INFO]: [@: Summoned new Primed TNT]
[10:32:47] [Server thread/INFO]: [@: Summoned new Primed TNT]
[10:32:47] [Server thread/INFO]: [@: Summoned new Primed TNT]
[10:32:47] [Server thread/INFO]: [@: Summoned new Primed TNT]
[10:32:47] [Server thread/INFO]: [@: Summoned new Primed TNT]
[10:32:47] [Server thread/INFO]: [@: Summoned new Primed TNT]
[10:32:47] [Server thread/INFO]: [@: Summoned new Primed TNT]
[10:32:47] [Server thread/INFO]: [@: Summoned new Primed TNT]
[10:32:47] [Server thread/INFO]: [@: Summoned new Primed TNT]
[10:32:47] [Server thread/INFO]: [@: Summoned new Primed TNT]
[10:32:47] [Server thread/INFO]: [@: Summoned new Primed TNT]
[10:32:47] [Server thread/INFO]: [@: Summoned new Primed TNT]
[10:32:47] [Server thread/INFO]: [@: Summoned new Primed TNT]
[10:32:47] [Server thread/INFO]: [@: Summoned new Primed TNT]
[10:32:47] [Server thread/INFO]: [@: Summoned new Primed TNT]
[10:32:47] [Server thread/INFO]: [@: Summoned new Primed TNT]
[10:32:47] [Server thread/INFO]: [@: Summoned new Primed TNT]
[10:32:47] [Server thread/INFO]: [@: Summoned new Primed TNT]
[10:32:47] [Server thread/INFO]: [@: Summoned new Primed TNT]
[10:32:47] [Server thread/INFO]: [@: Summoned new Primed TNT]
[10:32:47] [Server thread/INFO]: [@: Summoned new Primed TNT]
[10:32:47] [Server thread/INFO]: [@: Summoned new Primed TNT]
[10:32:47] [Server thread/INFO]: [@: Summoned new Primed TNT]
[10:32:47] [Server thread/INFO]: [@: Summoned new Primed TNT]
[10:32:47] [Server thread/INFO]: [@: Summoned new Primed TNT]
[10:32:47] [Server thread/INFO]: [@: Summoned new Primed TNT]
[10:32:47] [Server thread/INFO]: [@: Summoned new Primed TNT]
[10:32:47] [Server thread/INFO]: [@: Summoned new Primed TNT]
[10:32:47] [Server thread/INFO]: [@: Summoned new Primed TNT]
[10:32:47] [Server thread/INFO]: [@: Summoned new Primed TNT]
[10:32:47] [Server thread/INFO]: [@: Summoned new Primed TNT]
[10:32:47] [Server thread/INFO]: [@: Summoned new Primed TNT]
[10:32:48] [Server thread/INFO]: [@: Summoned new Primed TNT]
[10:32:48] [Server thread/INFO]: [@: Summoned new Primed TNT]
[10:32:48] [Server thread/INFO]: [@: Summoned new Primed TNT]
[10:32:48] [Server thread/INFO]: [@: Summoned new Primed TNT]
[10:32:48] [Server thread/INFO]: [@: Summoned new Primed TNT]
[10:32:48] [Server thread/INFO]: [@: Summoned new Primed TNT]
[10:32:48] [Server thread/INFO]: [@: Summoned new Primed TNT]
[10:32:48] [Server thread/INFO]: [@: Summoned new Primed TNT]
[10:32:48] [Server thread/INFO]: [@: Summoned new Primed TNT]
[10:32:48] [Server thread/INFO]: [@: Summoned new Primed TNT]
[10:32:48] [Server thread/INFO]: [@: Summoned new Primed TNT]
[10:32:48] [Server thread/INFO]: [@: Summoned new Primed TNT]
[10:32:48] [Server thread/INFO]: [@: Summoned new Primed TNT]
[10:32:48] [Server thread/INFO]: [@: Summoned new Primed TNT]
[10:32:48] [Server thread/INFO]: [@: Summoned new Primed TNT]
[10:32:48] [Server thread/INFO]: [@: Summoned new Primed TNT]
[10:32:48] [Server thread/INFO]: [@: Summoned new Primed TNT]
[10:32:48] [Server thread/INFO]: [@: Summoned new Primed TNT]
[10:32:48] [Server thread/INFO]: [@: Summoned new Primed TNT]
[10:32:48] [Server thread/INFO]: [@: Summoned new Primed TNT]
[10:32:48] [Server thread/INFO]: [@: Summoned new Primed TNT]
[10:32:48] [Server thread/INFO]: [@: Summoned new Primed TNT]
[10:32:48] [Server thread/INFO]: [@: Summoned new Primed TNT]
[10:32:48] [Server thread/INFO]: [@: Summoned new Primed TNT]
[10:32:48] [Server thread/INFO]: [@: Summoned new Primed TNT]
[10:32:48] [Server thread/INFO]: [@: Summoned new Primed TNT]
[10:32:48] [Server thread/INFO]: [@: Summoned new Primed TNT]
[10:32:48] [Server thread/INFO]: [@: Summoned new Primed TNT]
[10:32:48] [Server thread/INFO]: [@: Summoned new Primed TNT]
[10:32:48] [Server thread/INFO]: [@: Summoned new Primed TNT]
[10:32:48] [Server thread/INFO]: [@: Summoned new Primed TNT]
[10:32:48] [Server thread/INFO]: [@: Summoned new Primed TNT]
[10:32:48] [Server thread/INFO]: [@: Summoned new Primed TNT]
[10:32:48] [Server thread/INFO]: [@: Summoned new Primed TNT]
[10:32:48] [Server thread/INFO]: [@: Summoned new Primed TNT]
[10:32:48] [Server thread/INFO]: [@: Summoned new Primed TNT]
[10:32:48] [Server thread/INFO]: [@: Summoned new Primed TNT]
[10:32:48] [Server thread/INFO]: [@: Summoned new Primed TNT]
[10:32:48] [Server thread/INFO]: [@: Summoned new Primed TNT]
[10:32:48] [Server thread/INFO]: [@: Summoned new Primed TNT]
[10:32:48] [Server thread/INFO]: [@: Summoned new Primed TNT]
[10:32:48] [Server thread/INFO]: [@: Summoned new Primed TNT]
[10:32:48] [Server thread/INFO]: [@: Summoned new Primed TNT]
[10:32:48] [Server thread/INFO]: [@: Summoned new Primed TNT]
[10:32:48] [Server thread/INFO]: [@: Summoned new Primed TNT]
[10:32:48] [Server thread/INFO]: [@: Summoned new Primed TNT]
[10:32:48] [Server thread/INFO]: [@: Summoned new Primed TNT]
[10:32:48] [Server thread/INFO]: [@: Summoned new Primed TNT]
[10:32:48] [Server thread/INFO]: [@: Summoned new Primed TNT]
[10:32:48] [Server thread/INFO]: [@: Summoned new Primed TNT]
[10:32:48] [Server thread/INFO]: [@: Summoned new Primed TNT]
[10:32:48] [Server thread/INFO]: [@: Summoned new Primed TNT]
[10:32:48] [Server thread/INFO]: [@: Summoned new Primed TNT]
[10:32:48] [Server thread/INFO]: [@: Summoned new Primed TNT]
[10:32:48] [Server thread/INFO]: [@: Summoned new Primed TNT]
[10:32:48] [Server thread/INFO]: [@: Summoned new Primed TNT]
[10:32:48] [Server thread/INFO]: [@: Summoned new Primed TNT]
[10:32:48] [Server thread/INFO]: [@: Summoned new Primed TNT]
[10:32:48] [Server thread/INFO]: [@: Summoned new Primed TNT]
[10:32:48] [Server thread/INFO]: [@: Summoned new Primed TNT]
[10:32:48] [Server thread/INFO]: [@: Summoned new Primed TNT]
[10:32:48] [Server thread/INFO]: [@: Summoned new Primed TNT]
[10:32:49] [Server thread/INFO]: [@: Summoned new Primed TNT]
[10:32:49] [Server thread/INFO]: [@: Summoned new Primed TNT]
[10:32:49] [Server thread/INFO]: [@: Summoned new Primed TNT]
[10:32:49] [Server thread/INFO]: [@: Summoned new Primed TNT]
[10:32:49] [Server thread/INFO]: [@: Summoned new Primed TNT]
[10:32:49] [Server thread/INFO]: [@: Summoned new Primed TNT]
[10:32:49] [Server thread/INFO]: [@: Summoned new Primed TNT]
[10:32:49] [Server thread/INFO]: [@: Summoned new Primed TNT]
[10:32:49] [Server thread/INFO]: [@: Summoned new Primed TNT]
[10:32:49] [Server thread/INFO]: [@: Summoned new Primed TNT]
[10:32:49] [Server thread/INFO]: [@: Summoned new Primed TNT]
[10:32:49] [Server thread/INFO]: [@: Summoned new Primed TNT]
[10:32:49] [Server thread/INFO]: [@: Summoned new Primed TNT]
[10:32:49] [Server thread/INFO]: [@: Summoned new Primed TNT]
[10:32:49] [Server thread/INFO]: [@: Summoned new Primed TNT]
[10:32:49] [Server thread/INFO]: [@: Summoned new Primed TNT]
[10:32:49] [Server thread/INFO]: [@: Summoned new Primed TNT]
[10:32:49] [Server thread/INFO]: [@: Summoned new Primed TNT]
[10:32:49] [Server thread/INFO]: [@: Summoned new Primed TNT]
[10:32:49] [Server thread/INFO]: [@: Summoned new Primed TNT]
[10:32:49] [Server thread/INFO]: [@: Summoned new Primed TNT]
[10:32:49] [Server thread/INFO]: [@: Summoned new Primed TNT]
[10:32:49] [Server thread/INFO]: [@: Summoned new Primed TNT]
[10:32:49] [Server thread/INFO]: [@: Summoned new Primed TNT]
[10:32:49] [Server thread/INFO]: [@: Summoned new Primed TNT]
[10:32:49] [Server thread/INFO]: [@: Summoned new Primed TNT]
[10:32:49] [Server thread/INFO]: [@: Summoned new Primed TNT]
[10:32:49] [Server thread/INFO]: [@: Summoned new Primed TNT]
[10:32:49] [Server thread/INFO]: [@: Summoned new Primed TNT]
[10:32:49] [Server thread/INFO]: [@: Summoned new Primed TNT]
[10:32:49] [Server thread/INFO]: [@: Summoned new Primed TNT]
[10:32:49] [Server thread/INFO]: [@: Summoned new Primed TNT]
[10:32:50] [Server thread/INFO]: [@: Summoned new Primed TNT]
[10:32:50] [Server thread/INFO]: [@: Summoned new Primed TNT]
[10:32:50] [Server thread/INFO]: [@: Summoned new Primed TNT]
[10:32:50] [Server thread/INFO]: [@: Summoned new Primed TNT]
[10:32:50] [Server thread/INFO]: [@: Summoned new Primed TNT]
[10:32:50] [Server thread/INFO]: [@: Summoned new Primed TNT]
[10:32:50] [Server thread/INFO]: [@: Summoned new Primed TNT]
[10:32:50] [Server thread/INFO]: [@: Summoned new Primed TNT]
[10:32:50] [Server thread/INFO]: [@: Summoned new Primed TNT]
[10:32:50] [Server thread/INFO]: [@: Summoned new Primed TNT]
[10:32:50] [Server thread/INFO]: [@: Summoned new Primed TNT]
[10:32:50] [Server thread/INFO]: [@: Summoned new Primed TNT]
[10:32:50] [Server thread/INFO]: [@: Summoned new Primed TNT]
[10:32:50] [Server thread/INFO]: [@: Summoned new Primed TNT]
[10:32:50] [Server thread/INFO]: [@: Summoned new Primed TNT]
[10:32:50] [Server thread/INFO]: [@: Summoned new Primed TNT]
[10:32:50] [Server thread/INFO]: [@: Summoned new Primed TNT]
[10:32:50] [Server thread/INFO]: [@: Summoned new Primed TNT]
[10:32:50] [Server thread/INFO]: [@: Summoned new Primed TNT]
[10:32:50] [Server thread/INFO]: [@: Summoned new Primed TNT]
[10:32:51] [Server thread/INFO]: [@: Summoned new Primed TNT]
[10:32:51] [Server thread/INFO]: [@: Summoned new Primed TNT]
[10:32:51] [Server thread/INFO]: [@: Summoned new Primed TNT]
[10:32:51] [Server thread/INFO]: [@: Summoned new Primed TNT]
[10:32:51] [Server thread/INFO]: [@: Summoned new Primed TNT]
[10:32:51] [Server thread/INFO]: [@: Summoned new Primed TNT]
[10:32:51] [Server thread/INFO]: [@: Summoned new Primed TNT]
[10:32:51] [Server thread/INFO]: [@: Summoned new Primed TNT]
[10:32:51] [Server thread/INFO]: [@: Summoned new Primed TNT]
[10:32:51] [Server thread/INFO]: [@: Summoned new Primed TNT]
[10:32:51] [Server thread/INFO]: [@: Summoned new Primed TNT]
[10:33:03] [Server thread/INFO]: [@: Summoned new Primed TNT]
[10:33:03] [Server thread/INFO]: [@: Summoned new Primed TNT]
[10:33:03] [Server thread/INFO]: [@: Summoned new Primed TNT]
[10:33:03] [Server thread/INFO]: [@: Summoned new Primed TNT]
[10:33:04] [Server thread/INFO]: [@: Summoned new Primed TNT]
[10:33:04] [Server thread/INFO]: [@: Summoned new Primed TNT]
[10:33:04] [Server thread/INFO]: [@: Summoned new Primed TNT]
[10:33:04] [Server thread/INFO]: [@: Summoned new Primed TNT]
[10:33:04] [Server thread/INFO]: [@: Summoned new Primed TNT]
[10:33:04] [Server thread/INFO]: [@: Summoned new Primed TNT]
[10:33:04] [Server thread/INFO]: [@: Summoned new Primed TNT]
[10:33:04] [Server thread/INFO]: [@: Summoned new Primed TNT]
[10:33:04] [Server thread/INFO]: [@: Summoned new Primed TNT]
[10:33:04] [Server thread/INFO]: [@: Summoned new Primed TNT]
[10:33:04] [Server thread/INFO]: [@: Summoned new Primed TNT]
[10:33:04] [Server thread/INFO]: [@: Summoned new Primed TNT]
[10:33:04] [Server thread/INFO]: [@: Summoned new Primed TNT]
[10:33:04] [Server thread/INFO]: [@: Summoned new Primed TNT]
[10:33:04] [Server thread/INFO]: [@: Summoned new Primed TNT]
[10:33:04] [Server thread/INFO]: [@: Summoned new Primed TNT]
[10:33:04] [Server thread/INFO]: [@: Summoned new Primed TNT]
[10:33:04] [Server thread/INFO]: [@: Summoned new Primed TNT]
[10:33:04] [Server thread/INFO]: [@: Summoned new Primed TNT]
[10:33:04] [Server thread/INFO]: [@: Summoned new Primed TNT]
[10:33:05] [Server thread/INFO]: [@: Summoned new Primed TNT]
[10:33:05] [Server thread/INFO]: [@: Summoned new Primed TNT]
[10:33:05] [Server thread/INFO]: [@: Summoned new Primed TNT]
[10:33:05] [Server thread/INFO]: [@: Summoned new Primed TNT]
[10:33:05] [Server thread/INFO]: [@: Summoned new Primed TNT]
[10:33:05] [Server thread/INFO]: [@: Summoned new Primed TNT]
[10:33:05] [Server thread/INFO]: [@: Summoned new Primed TNT]
[10:33:05] [Server thread/INFO]: [@: Summoned new Primed TNT]
[10:33:05] [Server thread/INFO]: [@: Summoned new Primed TNT]
[10:33:05] [Server thread/INFO]: [@: Summoned new Primed TNT]
[10:33:05] [Server thread/INFO]: [@: Summoned new Primed TNT]
[10:33:05] [Server thread/INFO]: [@: Summoned new Primed TNT]
[10:33:05] [Server thread/INFO]: [@: Summoned new Primed TNT]
[10:33:05] [Server thread/INFO]: [@: Summoned new Primed TNT]
[10:33:05] [Server thread/INFO]: [@: Summoned new Primed TNT]
[10:33:06] [Server thread/INFO]: [@: Summoned new Primed TNT]
[10:33:06] [Server thread/INFO]: [@: Summoned new Primed TNT]
[10:33:06] [Server thread/INFO]: [@: Summoned new Primed TNT]
[10:33:06] [Server thread/INFO]: [@: Summoned new Primed TNT]
[10:33:06] [Server thread/INFO]: [@: Summoned new Primed TNT]
[10:33:06] [Server thread/INFO]: [@: Summoned new Primed TNT]
[10:33:06] [Server thread/INFO]: [@: Summoned new Primed TNT]
[10:33:07] [Server thread/INFO]: [@: Summoned new Primed TNT]
[10:33:07] [Server thread/INFO]: [@: Summoned new Primed TNT]
[10:33:07] [Server thread/INFO]: [@: Summoned new Primed TNT]
[10:33:07] [Server thread/INFO]: [@: Summoned new Primed TNT]
[10:33:07] [Server thread/INFO]: [@: Summoned new Primed TNT]
[10:33:07] [Server thread/INFO]: [@: Summoned new Primed TNT]
[10:33:07] [Server thread/INFO]: [@: Summoned new Primed TNT]
[10:33:07] [Server thread/INFO]: [@: Summoned new Primed TNT]
[10:33:07] [Server thread/INFO]: [@: Summoned new Primed TNT]
[10:33:07] [Server thread/INFO]: [@: Summoned new Primed TNT]
[10:33:07] [Server thread/INFO]: [@: Summoned new Primed TNT]
[10:33:07] [Server thread/INFO]: [@: Summoned new Primed TNT]
[10:33:07] [Server thread/INFO]: [@: Summoned new Primed TNT]
[10:33:07] [Server thread/INFO]: [@: Summoned new Primed TNT]
[10:33:07] [Server thread/INFO]: [@: Summoned new Primed TNT]
[10:33:07] [Server thread/INFO]: [@: Summoned new Primed TNT]
[10:33:07] [Server thread/INFO]: [@: Summoned new Primed TNT]
[10:33:07] [Server thread/INFO]: [@: Summoned new Primed TNT]
[10:33:07] [Server thread/INFO]: [@: Summoned new Primed TNT]
[10:33:07] [Server thread/INFO]: [@: Summoned new Primed TNT]
[10:33:08] [Server thread/INFO]: [@: Summoned new Primed TNT]
[10:33:08] [Server thread/INFO]: [@: Summoned new Primed TNT]
[10:33:08] [Server thread/INFO]: [@: Summoned new Primed TNT]
[10:33:08] [Server thread/INFO]: [@: Summoned new Primed TNT]
[10:33:08] [Server thread/INFO]: [@: Summoned new Primed TNT]
[10:33:08] [Server thread/INFO]: [@: Summoned new Primed TNT]
[10:33:08] [Server thread/INFO]: [@: Summoned new Primed TNT]
[10:33:08] [Server thread/INFO]: [@: Summoned new Primed TNT]
[10:33:08] [Server thread/INFO]: [@: Summoned new Primed TNT]
[10:33:08] [Server thread/INFO]: [@: Summoned new Primed TNT]
[10:33:08] [Server thread/INFO]: [@: Summoned new Primed TNT]
[10:33:08] [Server thread/INFO]: [@: Summoned new Primed TNT]
[10:33:08] [Server thread/INFO]: [@: Summoned new Primed TNT]
[10:33:08] [Server thread/INFO]: [@: Summoned new Primed TNT]
[10:33:08] [Server thread/INFO]: [@: Summoned new Primed TNT]
[10:33:08] [Server thread/INFO]: [@: Summoned new Primed TNT]
[10:33:08] [Server thread/INFO]: [@: Summoned new Primed TNT]
[10:33:08] [Server thread/INFO]: [@: Summoned new Primed TNT]
[10:33:09] [Server thread/INFO]: [@: Summoned new Primed TNT]
[10:33:09] [Server thread/INFO]: [@: Summoned new Primed TNT]
[10:33:09] [Server thread/INFO]: [@: Summoned new Primed TNT]
[10:33:09] [Server thread/INFO]: [@: Summoned new Primed TNT]
[10:33:09] [Server thread/INFO]: [@: Summoned new Primed TNT]
[10:33:09] [Server thread/INFO]: [@: Summoned new Primed TNT]
[10:33:09] [Server thread/INFO]: [@: Summoned new Primed TNT]
[10:33:09] [Server thread/INFO]: [@: Summoned new Primed TNT]
[10:33:09] [Server thread/INFO]: [@: Summoned new Primed TNT]
[10:33:09] [Server thread/INFO]: [@: Summoned new Primed TNT]
[10:33:09] [Server thread/INFO]: [@: Summoned new Primed TNT]
[10:33:09] [Server thread/INFO]: [@: Summoned new Primed TNT]
[10:33:09] [Server thread/INFO]: [@: Summoned new Primed TNT]
[10:33:09] [Server thread/INFO]: [@: Summoned new Primed TNT]
[10:33:09] [Server thread/INFO]: [@: Summoned new Primed TNT]
[10:33:09] [Server thread/INFO]: [@: Summoned new Primed TNT]
[10:33:09] [Server thread/INFO]: [@: Summoned new Primed TNT]
[10:33:09] [Server thread/INFO]: [@: Summoned new Primed TNT]
[10:33:09] [Server thread/INFO]: [@: Summoned new Primed TNT]
[10:33:10] [Server thread/INFO]: [@: Summoned new Primed TNT]
[10:33:10] [Server thread/INFO]: [@: Summoned new Primed TNT]
[10:33:10] [Server thread/INFO]: [@: Summoned new Primed TNT]
[10:33:10] [Server thread/INFO]: [@: Summoned new Primed TNT]
[10:33:10] [Server thread/INFO]: [@: Summoned new Primed TNT]
[10:33:10] [Server thread/INFO]: [@: Summoned new Primed TNT]
[10:33:10] [Server thread/INFO]: [@: Summoned new Primed TNT]
[10:33:10] [Server thread/INFO]: [@: Summoned new Primed TNT]
[10:33:10] [Server thread/INFO]: [@: Summoned new Primed TNT]
[10:33:10] [Server thread/INFO]: [@: Summoned new Primed TNT]
[10:33:10] [Server thread/INFO]: [@: Summoned new Primed TNT]
[10:33:10] [Server thread/INFO]: [@: Summoned new Primed TNT]
[10:33:10] [Server thread/INFO]: [@: Summoned new Primed TNT]
[10:33:10] [Server thread/INFO]: [@: Summoned new Primed TNT]
[10:33:10] [Server thread/INFO]: [@: Summoned new Primed TNT]
[10:33:10] [Server thread/INFO]: [@: Summoned new Primed TNT]
[10:33:10] [Server thread/INFO]: [@: Summoned new Primed TNT]
[10:33:10] [Server thread/INFO]: [@: Summoned new Primed TNT]
[10:33:10] [Server thread/INFO]: [@: Summoned new Primed TNT]
[10:33:10] [Server thread/INFO]: [@: Summoned new Primed TNT]
[10:33:10] [Server thread/INFO]: [@: Summoned new Primed TNT]
[10:33:10] [Server thread/INFO]: [@: Summoned new Primed TNT]
[10:33:10] [Server thread/INFO]: [@: Summoned new Primed TNT]
[10:33:10] [Server thread/INFO]: [@: Summoned new Primed TNT]
[10:33:10] [Server thread/INFO]: [@: Summoned new Primed TNT]
[10:33:10] [Server thread/INFO]: [@: Summoned new Primed TNT]
[10:33:10] [Server thread/INFO]: [@: Summoned new Primed TNT]
[10:33:10] [Server thread/INFO]: [@: Summoned new Primed TNT]
[10:33:10] [Server thread/INFO]: [@: Summoned new Primed TNT]
[10:33:10] [Server thread/INFO]: [@: Summoned new Primed TNT]
[10:33:10] [Server thread/INFO]: [@: Summoned new Primed TNT]
[10:33:10] [Server thread/INFO]: [@: Summoned new Primed TNT]
[10:33:10] [Server thread/INFO]: [@: Summoned new Primed TNT]
[10:33:10] [Server thread/INFO]: [@: Summoned new Primed TNT]
[10:33:10] [Server thread/INFO]: [@: Summoned new Primed TNT]
[10:33:10] [Server thread/INFO]: [@: Summoned new Primed TNT]
[10:33:10] [Server thread/INFO]: [@: Summoned new Primed TNT]
[10:33:10] [Server thread/INFO]: [@: Summoned new Primed TNT]
[10:33:10] [Server thread/INFO]: [@: Summoned new Primed TNT]
[10:33:10] [Server thread/INFO]: [@: Summoned new Primed TNT]
[10:33:10] [Server thread/INFO]: [@: Summoned new Primed TNT]
[10:33:10] [Server thread/INFO]: [@: Summoned new Primed TNT]
[10:33:10] [Server thread/INFO]: [@: Summoned new Primed TNT]
[10:33:10] [Server thread/INFO]: [@: Summoned new Primed TNT]
[10:33:10] [Server thread/INFO]: [@: Summoned new Primed TNT]
[10:33:10] [Server thread/INFO]: [@: Summoned new Primed TNT]
[10:33:10] [Server thread/INFO]: [@: Summoned new Primed TNT]
[10:33:10] [Server thread/INFO]: [@: Summoned new Primed TNT]
[10:33:10] [Server thread/INFO]: [@: Summoned new Primed TNT]
[10:33:10] [Server thread/INFO]: [@: Summoned new Primed TNT]
[10:33:10] [Server thread/INFO]: [@: Summoned new Primed TNT]
[10:33:10] [Server thread/INFO]: [@: Summoned new Primed TNT]
[10:33:10] [Server thread/INFO]: [@: Summoned new Primed TNT]
[10:33:10] [Server thread/INFO]: [@: Summoned new Primed TNT]
[10:33:10] [Server thread/INFO]: [@: Summoned new Primed TNT]
[10:33:10] [Server thread/INFO]: [@: Summoned new Primed TNT]
[10:33:10] [Server thread/INFO]: [@: Summoned new Primed TNT]
[10:33:10] [Server thread/INFO]: [@: Summoned new Primed TNT]
[10:33:10] [Server thread/INFO]: [@: Summoned new Primed TNT]
[10:33:10] [Server thread/INFO]: [@: Summoned new Primed TNT]
[10:33:10] [Server thread/INFO]: [@: Summoned new Primed TNT]
[10:33:10] [Server thread/INFO]: [@: Summoned new Primed TNT]
[10:33:10] [Server thread/INFO]: [@: Summoned new Primed TNT]
[10:33:10] [Server thread/INFO]: [@: Summoned new Primed TNT]
[10:33:10] [Server thread/INFO]: [@: Summoned new Primed TNT]
[10:33:10] [Server thread/INFO]: [@: Summoned new Primed TNT]
[10:33:10] [Server thread/INFO]: [@: Summoned new Primed TNT]
[10:33:10] [Server thread/INFO]: [@: Summoned new Primed TNT]
[10:33:10] [Server thread/INFO]: [@: Summoned new Primed TNT]
[10:33:10] [Server thread/INFO]: [@: Summoned new Primed TNT]
[10:33:10] [Server thread/INFO]: [@: Summoned new Primed TNT]
[10:33:10] [Server thread/INFO]: [@: Summoned new Primed TNT]
[10:33:10] [Server thread/INFO]: [@: Summoned new Primed TNT]
[10:33:10] [Server thread/INFO]: [@: Summoned new Primed TNT]
[10:33:10] [Server thread/INFO]: [@: Summoned new Primed TNT]
[10:33:10] [Server thread/INFO]: [@: Summoned new Primed TNT]
[10:33:10] [Server thread/INFO]: [@: Summoned new Primed TNT]
[10:33:10] [Server thread/INFO]: [@: Summoned new Primed TNT]
[10:33:10] [Server thread/INFO]: [@: Summoned new Primed TNT]
[10:33:10] [Server thread/INFO]: [@: Summoned new Primed TNT]
[10:33:10] [Server thread/INFO]: [@: Summoned new Primed TNT]
[10:33:10] [Server thread/INFO]: [@: Summoned new Primed TNT]
[10:33:10] [Server thread/INFO]: [@: Summoned new Primed TNT]
[10:33:10] [Server thread/INFO]: [@: Summoned new Primed TNT]
[10:33:10] [Server thread/INFO]: [@: Summoned new Primed TNT]
[10:33:10] [Server thread/INFO]: [@: Summoned new Primed TNT]
[10:33:10] [Server thread/INFO]: [@: Summoned new Primed TNT]
[10:33:10] [Server thread/INFO]: [@: Summoned new Primed TNT]
[10:33:10] [Server thread/INFO]: [@: Summoned new Primed TNT]
[10:33:10] [Server thread/INFO]: [@: Summoned new Primed TNT]
[10:33:10] [Server thread/INFO]: [@: Summoned new Primed TNT]
[10:33:10] [Server thread/INFO]: [@: Summoned new Primed TNT]
[10:33:10] [Server thread/INFO]: [@: Summoned new Primed TNT]
[10:33:10] [Server thread/INFO]: [@: Summoned new Primed TNT]
[10:33:10] [Server thread/INFO]: [@: Summoned new Primed TNT]
[10:33:10] [Server thread/INFO]: [@: Summoned new Primed TNT]
[10:33:10] [Server thread/INFO]: [@: Summoned new Primed TNT]
[10:33:10] [Server thread/INFO]: [@: Summoned new Primed TNT]
[10:33:10] [Server thread/INFO]: [@: Summoned new Primed TNT]
[10:33:10] [Server thread/INFO]: [@: Summoned new Primed TNT]
[10:33:10] [Server thread/INFO]: [@: Summoned new Primed TNT]
[10:33:10] [Server thread/INFO]: [@: Summoned new Primed TNT]
[10:33:10] [Server thread/INFO]: [@: Summoned new Primed TNT]
[10:33:10] [Server thread/INFO]: [@: Summoned new Primed TNT]
[10:33:10] [Server thread/INFO]: [@: Summoned new Primed TNT]
[10:33:10] [Server thread/INFO]: [@: Summoned new Primed TNT]
[10:33:10] [Server thread/INFO]: [@: Summoned new Primed TNT]
[10:33:10] [Server thread/INFO]: [@: Summoned new Primed TNT]
[10:33:10] [Server thread/INFO]: [@: Summoned new Primed TNT]
[10:33:10] [Server thread/INFO]: [@: Summoned new Primed TNT]
[10:33:10] [Server thread/INFO]: [@: Summoned new Primed TNT]
[10:33:10] [Server thread/INFO]: [@: Summoned new Primed TNT]
[10:33:10] [Server thread/INFO]: [@: Summoned new Primed TNT]
[10:33:10] [Server thread/INFO]: [@: Summoned new Primed TNT]
[10:33:10] [Server thread/INFO]: [@: Summoned new Primed TNT]
[10:33:11] [Server thread/INFO]: [@: Summoned new Primed TNT]
[10:33:11] [Server thread/INFO]: [@: Summoned new Primed TNT]
[10:33:11] [Server thread/INFO]: [@: Summoned new Primed TNT]
[10:33:11] [Server thread/INFO]: [@: Summoned new Primed TNT]
[10:33:11] [Server thread/INFO]: [@: Summoned new Primed TNT]
[10:33:11] [Server thread/INFO]: [@: Summoned new Primed TNT]
[10:33:11] [Server thread/INFO]: [@: Summoned new Primed TNT]
[10:33:11] [Server thread/INFO]: [@: Summoned new Primed TNT]
[10:33:11] [Server thread/INFO]: [@: Summoned new Primed TNT]
[10:33:11] [Server thread/INFO]: [@: Summoned new Primed TNT]
[10:33:11] [Server thread/INFO]: [@: Summoned new Primed TNT]
[10:33:11] [Server thread/INFO]: [@: Summoned new Primed TNT]
[10:33:11] [Server thread/INFO]: [@: Summoned new Primed TNT]
[10:33:11] [Server thread/INFO]: [@: Summoned new Primed TNT]
[10:33:11] [Server thread/INFO]: [@: Summoned new Primed TNT]
[10:33:11] [Server thread/INFO]: [@: Summoned new Primed TNT]
[10:33:11] [Server thread/INFO]: [@: Summoned new Primed TNT]
[10:33:11] [Server thread/INFO]: [@: Summoned new Primed TNT]
[10:33:11] [Server thread/INFO]: [@: Summoned new Primed TNT]
[10:33:11] [Server thread/INFO]: [@: Summoned new Primed TNT]
[10:33:11] [Server thread/INFO]: [@: Summoned new Primed TNT]
[10:33:11] [Server thread/INFO]: [@: Summoned new Primed TNT]
[10:33:11] [Server thread/INFO]: [@: Summoned new Primed TNT]
[10:33:11] [Server thread/INFO]: [@: Summoned new Primed TNT]
[10:33:11] [Server thread/INFO]: [@: Summoned new Primed TNT]
[10:33:11] [Server thread/INFO]: [@: Summoned new Primed TNT]
[10:33:11] [Server thread/INFO]: [@: Summoned new Primed TNT]
[10:33:11] [Server thread/INFO]: [@: Summoned new Primed TNT]
[10:33:11] [Server thread/INFO]: [@: Summoned new Primed TNT]
[10:33:11] [Server thread/INFO]: [@: Summoned new Primed TNT]
[10:33:11] [Server thread/INFO]: [@: Summoned new Primed TNT]
[10:33:11] [Server thread/INFO]: [@: Summoned new Primed TNT]
[10:33:11] [Server thread/INFO]: [@: Summoned new Primed TNT]
[10:33:11] [Server thread/INFO]: [@: Summoned new Primed TNT]
[10:33:11] [Server thread/INFO]: [@: Summoned new Primed TNT]
[10:33:11] [Server thread/INFO]: [@: Summoned new Primed TNT]
[10:33:11] [Server thread/INFO]: [@: Summoned new Primed TNT]
[10:33:11] [Server thread/INFO]: [@: Summoned new Primed TNT]
[10:33:11] [Server thread/INFO]: [@: Summoned new Primed TNT]
[10:33:11] [Server thread/INFO]: [@: Summoned new Primed TNT]
[10:33:11] [Server thread/INFO]: [@: Summoned new Primed TNT]
[10:33:11] [Server thread/INFO]: [@: Summoned new Primed TNT]
[10:33:11] [Server thread/INFO]: [@: Summoned new Primed TNT]
[10:33:11] [Server thread/INFO]: [@: Summoned new Primed TNT]
[10:33:11] [Server thread/INFO]: [@: Summoned new Primed TNT]
[10:33:11] [Server thread/INFO]: [@: Summoned new Primed TNT]
[10:33:11] [Server thread/INFO]: [@: Summoned new Primed TNT]
[10:33:11] [Server thread/INFO]: [@: Summoned new Primed TNT]
[10:33:11] [Server thread/INFO]: [@: Summoned new Primed TNT]
[10:33:11] [Server thread/INFO]: [@: Summoned new Primed TNT]
[10:33:11] [Server thread/INFO]: [@: Summoned new Primed TNT]
[10:33:11] [Server thread/INFO]: [@: Summoned new Primed TNT]
[10:33:11] [Server thread/INFO]: [@: Summoned new Primed TNT]
[10:33:11] [Server thread/INFO]: [@: Summoned new Primed TNT]
[10:33:11] [Server thread/INFO]: [@: Summoned new Primed TNT]
[10:33:11] [Server thread/INFO]: [@: Summoned new Primed TNT]
[10:33:11] [Server thread/INFO]: [@: Summoned new Primed TNT]
[10:33:11] [Server thread/INFO]: [@: Summoned new Primed TNT]
[10:33:11] [Server thread/INFO]: [@: Summoned new Primed TNT]
[10:33:11] [Server thread/INFO]: [@: Summoned new Primed TNT]
[10:33:11] [Server thread/INFO]: [@: Summoned new Primed TNT]
[10:33:11] [Server thread/INFO]: [@: Summoned new Primed TNT]
[10:33:11] [Server thread/INFO]: [@: Summoned new Primed TNT]
[10:33:11] [Server thread/INFO]: [@: Summoned new Primed TNT]
[10:33:11] [Server thread/INFO]: [@: Summoned new Primed TNT]
[10:33:11] [Server thread/INFO]: [@: Summoned new Primed TNT]
[10:33:11] [Server thread/INFO]: [@: Summoned new Primed TNT]
[10:33:11] [Server thread/INFO]: [@: Summoned new Primed TNT]
[10:33:11] [Server thread/INFO]: [@: Summoned new Primed TNT]
[10:33:11] [Server thread/INFO]: [@: Summoned new Primed TNT]
[10:33:11] [Server thread/INFO]: [@: Summoned new Primed TNT]
[10:33:11] [Server thread/INFO]: [@: Summoned new Primed TNT]
[10:33:11] [Server thread/INFO]: [@: Summoned new Primed TNT]
[10:33:11] [Server thread/INFO]: [@: Summoned new Primed TNT]
[10:33:11] [Server thread/INFO]: [@: Summoned new Primed TNT]
[10:33:11] [Server thread/INFO]: [@: Summoned new Primed TNT]
[10:33:11] [Server thread/INFO]: [@: Summoned new Primed TNT]
[10:33:11] [Server thread/INFO]: [@: Summoned new Primed TNT]
[10:33:11] [Server thread/INFO]: [@: Summoned new Primed TNT]
[10:33:11] [Server thread/INFO]: [@: Summoned new Primed TNT]
[10:33:11] [Server thread/INFO]: [@: Summoned new Primed TNT]
[10:33:11] [Server thread/INFO]: [@: Summoned new Primed TNT]
[10:33:11] [Server thread/INFO]: [@: Summoned new Primed TNT]
[10:33:11] [Server thread/INFO]: [@: Summoned new Primed TNT]
[10:33:11] [Server thread/INFO]: [@: Summoned new Primed TNT]
[10:33:11] [Server thread/INFO]: [@: Summoned new Primed TNT]
[10:33:11] [Server thread/INFO]: [@: Summoned new Primed TNT]
[10:33:11] [Server thread/INFO]: [@: Summoned new Primed TNT]
[10:33:11] [Server thread/INFO]: [@: Summoned new Primed TNT]
[10:33:11] [Server thread/INFO]: [@: Summoned new Primed TNT]
[10:33:11] [Server thread/INFO]: [@: Summoned new Primed TNT]
[10:33:11] [Server thread/INFO]: [@: Summoned new Primed TNT]
[10:33:11] [Server thread/INFO]: [@: Summoned new Primed TNT]
[10:33:11] [Server thread/INFO]: [@: Summoned new Primed TNT]
[10:33:11] [Server thread/INFO]: [@: Summoned new Primed TNT]
[10:33:11] [Server thread/INFO]: [@: Summoned new Primed TNT]
[10:33:11] [Server thread/INFO]: [@: Summoned new Primed TNT]
[10:33:11] [Server thread/INFO]: [@: Summoned new Primed TNT]
[10:33:11] [Server thread/INFO]: [@: Summoned new Primed TNT]
[10:33:11] [Server thread/INFO]: [@: Summoned new Primed TNT]
[10:33:11] [Server thread/INFO]: [@: Summoned new Primed TNT]
[10:33:11] [Server thread/INFO]: [@: Summoned new Primed TNT]
[10:33:11] [Server thread/INFO]: [@: Summoned new Primed TNT]
[10:33:11] [Server thread/INFO]: [@: Summoned new Primed TNT]
[10:33:11] [Server thread/INFO]: [@: Summoned new Primed TNT]
[10:33:11] [Server thread/INFO]: [@: Summoned new Primed TNT]
[10:33:11] [Server thread/INFO]: [@: Summoned new Primed TNT]
[10:33:11] [Server thread/INFO]: [@: Summoned new Primed TNT]
[10:33:11] [Server thread/INFO]: [@: Summoned new Primed TNT]
[10:33:11] [Server thread/INFO]: [@: Summoned new Primed TNT]
[10:33:11] [Server thread/INFO]: [@: Summoned new Primed TNT]
[10:33:11] [Server thread/INFO]: [@: Summoned new Primed TNT]
[10:33:11] [Server thread/INFO]: [@: Summoned new Primed TNT]
[10:33:11] [Server thread/INFO]: [@: Summoned new Primed TNT]
[10:33:11] [Server thread/INFO]: [@: Summoned new Primed TNT]
[10:33:11] [Server thread/INFO]: [@: Summoned new Primed TNT]
[10:33:11] [Server thread/INFO]: [@: Summoned new Primed TNT]
[10:33:11] [Server thread/INFO]: [@: Summoned new Primed TNT]
[10:33:11] [Server thread/INFO]: [@: Summoned new Primed TNT]
[10:33:11] [Server thread/INFO]: [@: Summoned new Primed TNT]
[10:33:11] [Server thread/INFO]: [@: Summoned new Primed TNT]
[10:33:11] [Server thread/INFO]: [@: Summoned new Primed TNT]
[10:33:11] [Server thread/INFO]: [@: Summoned new Primed TNT]
[10:33:11] [Server thread/INFO]: [@: Summoned new Primed TNT]
[10:33:11] [Server thread/INFO]: [@: Summoned new Primed TNT]
[10:33:11] [Server thread/INFO]: [@: Summoned new Primed TNT]
[10:33:11] [Server thread/INFO]: [@: Summoned new Primed TNT]
[10:33:11] [Server thread/INFO]: [@: Summoned new Primed TNT]
[10:33:11] [Server thread/INFO]: [@: Summoned new Primed TNT]
[10:33:11] [Server thread/INFO]: [@: Summoned new Primed TNT]
[10:33:11] [Server thread/INFO]: [@: Summoned new Primed TNT]
[10:33:11] [Server thread/INFO]: [@: Summoned new Primed TNT]
[10:33:11] [Server thread/INFO]: [@: Summoned new Primed TNT]
[10:33:11] [Server thread/INFO]: [@: Summoned new Primed TNT]
[10:33:11] [Server thread/INFO]: [@: Summoned new Primed TNT]
[10:33:11] [Server thread/INFO]: [@: Summoned new Primed TNT]
[10:33:11] [Server thread/INFO]: [@: Summoned new Primed TNT]
[10:33:11] [Server thread/INFO]: [@: Summoned new Primed TNT]
[10:33:11] [Server thread/INFO]: [@: Summoned new Primed TNT]
[10:33:11] [Server thread/INFO]: [@: Summoned new Primed TNT]
[10:33:11] [Server thread/INFO]: [@: Summoned new Primed TNT]
[10:33:11] [Server thread/INFO]: [@: Summoned new Primed TNT]
[10:33:11] [Server thread/INFO]: [@: Summoned new Primed TNT]
[10:33:11] [Server thread/INFO]: [@: Summoned new Primed TNT]
[10:33:11] [Server thread/INFO]: [@: Summoned new Primed TNT]
[10:33:11] [Server thread/INFO]: [@: Summoned new Primed TNT]
[10:33:11] [Server thread/INFO]: [@: Summoned new Primed TNT]
[10:33:11] [Server thread/INFO]: [@: Summoned new Primed TNT]
[10:33:11] [Server thread/INFO]: [@: Summoned new Primed TNT]
[10:33:11] [Server thread/INFO]: [@: Summoned new Primed TNT]
[10:33:11] [Server thread/INFO]: [@: Summoned new Primed TNT]
[10:33:11] [Server thread/INFO]: [@: Summoned new Primed TNT]
[10:33:11] [Server thread/INFO]: [@: Summoned new Primed TNT]
[10:33:11] [Server thread/INFO]: [@: Summoned new Primed TNT]
[10:33:11] [Server thread/INFO]: [@: Summoned new Primed TNT]
[10:33:11] [Server thread/INFO]: [@: Summoned new Primed TNT]
[10:33:11] [Server thread/INFO]: [@: Summoned new Primed TNT]
[10:33:11] [Server thread/INFO]: [@: Summoned new Primed TNT]
[10:33:11] [Server thread/INFO]: [@: Summoned new Primed TNT]
[10:33:11] [Server thread/INFO]: [@: Summoned new Primed TNT]
[10:33:11] [Server thread/INFO]: [@: Summoned new Primed TNT]
[10:33:11] [Server thread/INFO]: [@: Summoned new Primed TNT]
[10:33:11] [Server thread/INFO]: [@: Summoned new Primed TNT]
[10:33:11] [Server thread/INFO]: [@: Summoned new Primed TNT]
[10:33:11] [Server thread/INFO]: [@: Summoned new Primed TNT]
[10:33:11] [Server thread/INFO]: [@: Summoned new Primed TNT]
[10:33:11] [Server thread/INFO]: [@: Summoned new Primed TNT]
[10:33:11] [Server thread/INFO]: [@: Summoned new Primed TNT]
[10:33:11] [Server thread/INFO]: [@: Summoned new Primed TNT]
[10:33:11] [Server thread/INFO]: [@: Summoned new Primed TNT]
[10:33:11] [Server thread/INFO]: [@: Summoned new Primed TNT]
[10:33:11] [Server thread/INFO]: [@: Summoned new Primed TNT]
[10:33:11] [Server thread/INFO]: [@: Summoned new Primed TNT]
[10:33:11] [Server thread/INFO]: [@: Summoned new Primed TNT]
[10:33:11] [Server thread/INFO]: [@: Summoned new Primed TNT]
[10:33:11] [Server thread/INFO]: [@: Summoned new Primed TNT]
[10:33:11] [Server thread/INFO]: [@: Summoned new Primed TNT]
[10:33:11] [Server thread/INFO]: [@: Summoned new Primed TNT]
[10:33:11] [Server thread/INFO]: [@: Summoned new Primed TNT]
[10:33:11] [Server thread/INFO]: [@: Summoned new Primed TNT]
[10:33:11] [Server thread/INFO]: [@: Summoned new Primed TNT]
[10:33:11] [Server thread/INFO]: [@: Summoned new Primed TNT]
[10:33:11] [Server thread/INFO]: [@: Summoned new Primed TNT]
[10:33:11] [Server thread/INFO]: [@: Summoned new Primed TNT]
[10:33:11] [Server thread/INFO]: [@: Summoned new Primed TNT]
[10:33:11] [Server thread/INFO]: [@: Summoned new Primed TNT]
[10:33:11] [Server thread/INFO]: [@: Summoned new Primed TNT]
[10:33:11] [Server thread/INFO]: [@: Summoned new Primed TNT]
[10:33:11] [Server thread/INFO]: [@: Summoned new Primed TNT]
[10:33:11] [Server thread/INFO]: [@: Summoned new Primed TNT]
[10:33:11] [Server thread/INFO]: [@: Summoned new Primed TNT]
[10:33:11] [Server thread/INFO]: [@: Summoned new Primed TNT]
[10:33:11] [Server thread/INFO]: [@: Summoned new Primed TNT]
[10:33:11] [Server thread/INFO]: [@: Summoned new Primed TNT]
[10:33:11] [Server thread/INFO]: [@: Summoned new Primed TNT]
[10:33:11] [Server thread/INFO]: [@: Summoned new Primed TNT]
[10:33:11] [Server thread/INFO]: [@: Summoned new Primed TNT]
[10:33:11] [Server thread/INFO]: [@: Summoned new Primed TNT]
[10:33:11] [Server thread/INFO]: [@: Summoned new Primed TNT]
[10:33:11] [Server thread/INFO]: [@: Summoned new Primed TNT]
[10:33:11] [Server thread/INFO]: [@: Summoned new Primed TNT]
[10:33:12] [Server thread/INFO]: [@: Summoned new Primed TNT]
[10:33:12] [Server thread/INFO]: [@: Summoned new Primed TNT]
[10:33:12] [Server thread/INFO]: [@: Summoned new Primed TNT]
[10:33:12] [Server thread/INFO]: [@: Summoned new Primed TNT]
[10:33:12] [Server thread/INFO]: [@: Summoned new Primed TNT]
[10:33:12] [Server thread/INFO]: [@: Summoned new Primed TNT]
[10:33:12] [Server thread/INFO]: [@: Summoned new Primed TNT]
[10:33:12] [Server thread/INFO]: [@: Summoned new Primed TNT]
[10:33:12] [Server thread/INFO]: [@: Summoned new Primed TNT]
[10:33:12] [Server thread/INFO]: [@: Summoned new Primed TNT]
[10:33:12] [Server thread/INFO]: [@: Summoned new Primed TNT]
[10:33:12] [Server thread/INFO]: [@: Summoned new Primed TNT]
[10:33:12] [Server thread/INFO]: [@: Summoned new Primed TNT]
[10:33:12] [Server thread/INFO]: [@: Summoned new Primed TNT]
[10:33:12] [Server thread/INFO]: [@: Summoned new Primed TNT]
[10:33:12] [Server thread/INFO]: [@: Summoned new Primed TNT]
[10:33:12] [Server thread/INFO]: [@: Summoned new Primed TNT]
[10:33:12] [Server thread/INFO]: [@: Summoned new Primed TNT]
[10:33:12] [Server thread/INFO]: [@: Summoned new Primed TNT]
[10:33:12] [Server thread/INFO]: [@: Summoned new Primed TNT]
[10:33:12] [Server thread/INFO]: [@: Summoned new Primed TNT]
[10:33:12] [Server thread/INFO]: [@: Summoned new Primed TNT]
[10:33:12] [Server thread/INFO]: [@: Summoned new Primed TNT]
[10:33:12] [Server thread/INFO]: [@: Summoned new Primed TNT]
[10:33:12] [Server thread/INFO]: [@: Summoned new Primed TNT]
[10:33:12] [Server thread/INFO]: [@: Summoned new Primed TNT]
[10:33:12] [Server thread/INFO]: [@: Summoned new Primed TNT]
[10:33:12] [Server thread/INFO]: [@: Summoned new Primed TNT]
[10:33:12] [Server thread/INFO]: [@: Summoned new Primed TNT]
[10:33:12] [Server thread/INFO]: [@: Summoned new Primed TNT]
[10:33:12] [Server thread/INFO]: [@: Summoned new Primed TNT]
[10:33:12] [Server thread/INFO]: [@: Summoned new Primed TNT]
[10:33:12] [Server thread/INFO]: [@: Summoned new Primed TNT]
[10:33:12] [Server thread/INFO]: [@: Summoned new Primed TNT]
[10:33:12] [Server thread/INFO]: [@: Summoned new Primed TNT]
[10:33:12] [Server thread/INFO]: [@: Summoned new Primed TNT]
[10:33:12] [Server thread/INFO]: [@: Summoned new Primed TNT]
[10:33:12] [Server thread/INFO]: [@: Summoned new Primed TNT]
[10:33:12] [Server thread/INFO]: [@: Summoned new Primed TNT]
[10:33:12] [Server thread/INFO]: [@: Summoned new Primed TNT]
[10:33:12] [Server thread/INFO]: [@: Summoned new Primed TNT]
[10:33:12] [Server thread/INFO]: [@: Summoned new Primed TNT]
[10:33:12] [Server thread/INFO]: [@: Summoned new Primed TNT]
[10:33:12] [Server thread/INFO]: [@: Summoned new Primed TNT]
[10:33:12] [Server thread/INFO]: [@: Summoned new Primed TNT]
[10:33:12] [Server thread/INFO]: [@: Summoned new Primed TNT]
[10:33:12] [Server thread/INFO]: [@: Summoned new Primed TNT]
[10:33:12] [Server thread/INFO]: [@: Summoned new Primed TNT]
[10:33:12] [Server thread/INFO]: [@: Summoned new Primed TNT]
[10:33:12] [Server thread/INFO]: [@: Summoned new Primed TNT]
[10:33:12] [Server thread/INFO]: [@: Summoned new Primed TNT]
[10:33:12] [Server thread/INFO]: [@: Summoned new Primed TNT]
[10:33:12] [Server thread/INFO]: [@: Summoned new Primed TNT]
[10:33:12] [Server thread/INFO]: [@: Summoned new Primed TNT]
[10:33:12] [Server thread/INFO]: [@: Summoned new Primed TNT]
[10:33:12] [Server thread/INFO]: [@: Summoned new Primed TNT]
[10:33:12] [Server thread/INFO]: [@: Summoned new Primed TNT]
[10:33:12] [Server thread/INFO]: [@: Summoned new Primed TNT]
[10:33:12] [Server thread/INFO]: [@: Summoned new Primed TNT]
[10:33:12] [Server thread/INFO]: [@: Summoned new Primed TNT]
[10:33:12] [Server thread/INFO]: [@: Summoned new Primed TNT]
[10:33:12] [Server thread/INFO]: [@: Summoned new Primed TNT]
[10:33:12] [Server thread/INFO]: [@: Summoned new Primed TNT]
[10:33:12] [Server thread/INFO]: [@: Summoned new Primed TNT]
[10:33:12] [Server thread/INFO]: [@: Summoned new Primed TNT]
[10:33:12] [Server thread/INFO]: [@: Summoned new Primed TNT]
[10:33:12] [Server thread/INFO]: [@: Summoned new Primed TNT]
[10:33:12] [Server thread/INFO]: [@: Summoned new Primed TNT]
[10:33:12] [Server thread/INFO]: [@: Summoned new Primed TNT]
[10:33:12] [Server thread/INFO]: [@: Summoned new Primed TNT]
[10:33:12] [Server thread/INFO]: [@: Summoned new Primed TNT]
[10:33:12] [Server thread/INFO]: [@: Summoned new Primed TNT]
[10:33:12] [Server thread/INFO]: [@: Summoned new Primed TNT]
[10:33:12] [Server thread/INFO]: [@: Summoned new Primed TNT]
[10:33:12] [Server thread/INFO]: [@: Summoned new Primed TNT]
[10:33:12] [Server thread/INFO]: [@: Summoned new Primed TNT]
[10:33:12] [Server thread/INFO]: [@: Summoned new Primed TNT]
[10:33:12] [Server thread/INFO]: [@: Summoned new Primed TNT]
[10:33:12] [Server thread/INFO]: [@: Summoned new Primed TNT]
[10:33:12] [Server thread/INFO]: [@: Summoned new Primed TNT]
[10:33:12] [Server thread/INFO]: [@: Summoned new Primed TNT]
[10:33:12] [Server thread/INFO]: [@: Summoned new Primed TNT]
[10:33:12] [Server thread/INFO]: [@: Summoned new Primed TNT]
[10:33:12] [Server thread/INFO]: [@: Summoned new Primed TNT]
[10:33:12] [Server thread/INFO]: [@: Summoned new Primed TNT]
[10:33:12] [Server thread/INFO]: [@: Summoned new Primed TNT]
[10:33:12] [Server thread/INFO]: [@: Summoned new Primed TNT]
[10:33:12] [Server thread/INFO]: [@: Summoned new Primed TNT]
[10:33:12] [Server thread/INFO]: [@: Summoned new Primed TNT]
[10:33:12] [Server thread/INFO]: [@: Summoned new Primed TNT]
[10:33:12] [Server thread/INFO]: [@: Summoned new Primed TNT]
[10:33:12] [Server thread/INFO]: [@: Summoned new Primed TNT]
[10:33:12] [Server thread/INFO]: [@: Summoned new Primed TNT]
[10:33:12] [Server thread/INFO]: [@: Summoned new Primed TNT]
[10:33:12] [Server thread/INFO]: [@: Summoned new Primed TNT]
[10:33:12] [Server thread/INFO]: [@: Summoned new Primed TNT]
[10:33:12] [Server thread/INFO]: [@: Summoned new Primed TNT]
[10:33:12] [Server thread/INFO]: [@: Summoned new Primed TNT]
[10:33:12] [Server thread/INFO]: [@: Summoned new Primed TNT]
[10:33:12] [Server thread/INFO]: [@: Summoned new Primed TNT]
[10:33:12] [Server thread/INFO]: [@: Summoned new Primed TNT]
[10:33:12] [Server thread/INFO]: [@: Summoned new Primed TNT]
[10:33:12] [Server thread/INFO]: [@: Summoned new Primed TNT]
[10:33:12] [Server thread/INFO]: [@: Summoned new Primed TNT]
[10:33:12] [Server thread/INFO]: [@: Summoned new Primed TNT]
[10:33:12] [Server thread/INFO]: [@: Summoned new Primed TNT]
[10:33:12] [Server thread/INFO]: [@: Summoned new Primed TNT]
[10:33:12] [Server thread/INFO]: [@: Summoned new Primed TNT]
[10:33:12] [Server thread/INFO]: [@: Summoned new Primed TNT]
[10:33:12] [Server thread/INFO]: [@: Summoned new Primed TNT]
[10:33:12] [Server thread/INFO]: [@: Summoned new Primed TNT]
[10:33:12] [Server thread/INFO]: [@: Summoned new Primed TNT]
[10:33:12] [Server thread/INFO]: [@: Summoned new Primed TNT]
[10:33:12] [Server thread/INFO]: [@: Summoned new Primed TNT]
[10:33:12] [Server thread/INFO]: [@: Summoned new Primed TNT]
[10:33:12] [Server thread/INFO]: [@: Summoned new Primed TNT]
[10:33:12] [Server thread/INFO]: [@: Summoned new Primed TNT]
[10:33:12] [Server thread/INFO]: [@: Summoned new Primed TNT]
[10:33:12] [Server thread/INFO]: [@: Summoned new Primed TNT]
[10:33:12] [Server thread/INFO]: [@: Summoned new Primed TNT]
[10:33:12] [Server thread/INFO]: [@: Summoned new Primed TNT]
[10:33:12] [Server thread/INFO]: [@: Summoned new Primed TNT]
[10:33:12] [Server thread/INFO]: [@: Summoned new Primed TNT]
[10:33:12] [Server thread/INFO]: [@: Summoned new Primed TNT]
[10:33:12] [Server thread/INFO]: [@: Summoned new Primed TNT]
[10:33:12] [Server thread/INFO]: [@: Summoned new Primed TNT]
[10:33:12] [Server thread/INFO]: [@: Summoned new Primed TNT]
[10:33:12] [Server thread/INFO]: [@: Summoned new Primed TNT]
[10:33:12] [Server thread/INFO]: [@: Summoned new Primed TNT]
[10:33:12] [Server thread/INFO]: [@: Summoned new Primed TNT]
[10:33:12] [Server thread/INFO]: [@: Summoned new Primed TNT]
[10:33:12] [Server thread/INFO]: [@: Summoned new Primed TNT]
[10:33:12] [Server thread/INFO]: [@: Summoned new Primed TNT]
[10:33:12] [Server thread/INFO]: [@: Summoned new Primed TNT]
[10:33:12] [Server thread/INFO]: [@: Summoned new Primed TNT]
[10:33:12] [Server thread/INFO]: [@: Summoned new Primed TNT]
[10:33:12] [Server thread/INFO]: [@: Summoned new Primed TNT]
[10:33:12] [Server thread/INFO]: [@: Summoned new Primed TNT]
[10:33:12] [Server thread/INFO]: [@: Summoned new Primed TNT]
[10:33:12] [Server thread/INFO]: [@: Summoned new Primed TNT]
[10:33:12] [Server thread/INFO]: [@: Summoned new Primed TNT]
[10:33:12] [Server thread/INFO]: [@: Summoned new Primed TNT]
[10:33:12] [Server thread/INFO]: [@: Summoned new Primed TNT]
[10:33:12] [Server thread/INFO]: [@: Summoned new Primed TNT]
[10:33:12] [Server thread/INFO]: [@: Summoned new Primed TNT]
[10:33:12] [Server thread/INFO]: [@: Summoned new Primed TNT]
[10:33:12] [Server thread/INFO]: [@: Summoned new Primed TNT]
[10:33:12] [Server thread/INFO]: [@: Summoned new Primed TNT]
[10:33:12] [Server thread/INFO]: [@: Summoned new Primed TNT]
[10:33:12] [Server thread/INFO]: [@: Summoned new Primed TNT]
[10:33:12] [Server thread/INFO]: [@: Summoned new Primed TNT]
[10:33:12] [Server thread/INFO]: [@: Summoned new Primed TNT]
[10:33:12] [Server thread/INFO]: [@: Summoned new Primed TNT]
[10:33:12] [Server thread/INFO]: [@: Summoned new Primed TNT]
[10:33:12] [Server thread/INFO]: [@: Summoned new Primed TNT]
[10:33:12] [Server thread/INFO]: [@: Summoned new Primed TNT]
[10:33:12] [Server thread/INFO]: [@: Summoned new Primed TNT]
[10:33:12] [Server thread/INFO]: [@: Summoned new Primed TNT]
[10:33:12] [Server thread/INFO]: [@: Summoned new Primed TNT]
[10:33:12] [Server thread/INFO]: [@: Summoned new Primed TNT]
[10:33:12] [Server thread/INFO]: [@: Summoned new Primed TNT]
[10:33:12] [Server thread/INFO]: [@: Summoned new Primed TNT]
[10:33:12] [Server thread/INFO]: [@: Summoned new Primed TNT]
[10:33:12] [Server thread/INFO]: [@: Summoned new Primed TNT]
[10:33:12] [Server thread/INFO]: [@: Summoned new Primed TNT]
[10:33:12] [Server thread/INFO]: [@: Summoned new Primed TNT]
[10:33:12] [Server thread/INFO]: [@: Summoned new Primed TNT]
[10:33:12] [Server thread/INFO]: [@: Summoned new Primed TNT]
[10:33:12] [Server thread/INFO]: [@: Summoned new Primed TNT]
[10:33:12] [Server thread/INFO]: [@: Summoned new Primed TNT]
[10:33:12] [Server thread/INFO]: [@: Summoned new Primed TNT]
[10:33:12] [Server thread/INFO]: [@: Summoned new Primed TNT]
[10:33:12] [Server thread/INFO]: [@: Summoned new Primed TNT]
[10:33:12] [Server thread/INFO]: [@: Summoned new Primed TNT]
[10:33:12] [Server thread/INFO]: [@: Summoned new Primed TNT]
[10:33:12] [Server thread/INFO]: [@: Summoned new Primed TNT]
[10:33:12] [Server thread/INFO]: [@: Summoned new Primed TNT]
[10:33:12] [Server thread/INFO]: [@: Summoned new Primed TNT]
[10:33:12] [Server thread/INFO]: [@: Summoned new Primed TNT]
[10:33:12] [Server thread/INFO]: [@: Summoned new Primed TNT]
[10:33:12] [Server thread/INFO]: [@: Summoned new Primed TNT]
[10:33:12] [Server thread/INFO]: [@: Summoned new Primed TNT]
[10:33:12] [Server thread/INFO]: [@: Summoned new Primed TNT]
[10:33:12] [Server thread/INFO]: [@: Summoned new Primed TNT]
[10:33:12] [Server thread/INFO]: [@: Summoned new Primed TNT]
[10:33:12] [Server thread/INFO]: [@: Summoned new Primed TNT]
[10:33:12] [Server thread/INFO]: [@: Summoned new Primed TNT]
[10:33:12] [Server thread/INFO]: [@: Summoned new Primed TNT]
[10:33:12] [Server thread/INFO]: [@: Summoned new Primed TNT]
[10:33:12] [Server thread/INFO]: [@: Summoned new Primed TNT]
[10:33:12] [Server thread/INFO]: [@: Summoned new Primed TNT]
[10:33:12] [Server thread/INFO]: [@: Summoned new Primed TNT]
[10:33:12] [Server thread/INFO]: [@: Summoned new Primed TNT]
[10:33:12] [Server thread/INFO]: [@: Summoned new Primed TNT]
[10:33:12] [Server thread/INFO]: [@: Summoned new Primed TNT]
[10:33:12] [Server thread/INFO]: [@: Summoned new Primed TNT]
[10:33:12] [Server thread/INFO]: [@: Summoned new Primed TNT]
[10:33:12] [Server thread/INFO]: [@: Summoned new Primed TNT]
[10:33:12] [Server thread/INFO]: [@: Summoned new Primed TNT]
[10:33:12] [Server thread/INFO]: [@: Summoned new Primed TNT]
[10:33:12] [Server thread/INFO]: [@: Summoned new Primed TNT]
[10:33:12] [Server thread/INFO]: [@: Summoned new Primed TNT]
[10:33:12] [Server thread/INFO]: [@: Summoned new Primed TNT]
[10:33:12] [Server thread/INFO]: [@: Summoned new Primed TNT]
[10:33:12] [Server thread/INFO]: [@: Summoned new Primed TNT]
[10:33:12] [Server thread/INFO]: [@: Summoned new Primed TNT]
[10:33:12] [Server thread/INFO]: [@: Summoned new Primed TNT]
[10:33:12] [Server thread/INFO]: [@: Summoned new Primed TNT]
[10:33:12] [Server thread/INFO]: [@: Summoned new Primed TNT]
[10:33:12] [Server thread/INFO]: [@: Summoned new Primed TNT]
[10:33:12] [Server thread/INFO]: [@: Summoned new Primed TNT]
[10:33:12] [Server thread/INFO]: [@: Summoned new Primed TNT]
[10:33:12] [Server thread/INFO]: [@: Summoned new Primed TNT]
[10:33:12] [Server thread/INFO]: [@: Summoned new Primed TNT]
[10:33:12] [Server thread/INFO]: [@: Summoned new Primed TNT]
[10:33:12] [Server thread/INFO]: [@: Summoned new Primed TNT]
[10:33:12] [Server thread/INFO]: [@: Summoned new Primed TNT]
[10:33:12] [Server thread/INFO]: [@: Summoned new Primed TNT]
[10:33:12] [Server thread/INFO]: [@: Summoned new Primed TNT]
[10:33:12] [Server thread/INFO]: [@: Summoned new Primed TNT]
[10:33:12] [Server thread/INFO]: [@: Summoned new Primed TNT]
[10:33:12] [Server thread/INFO]: [@: Summoned new Primed TNT]
[10:33:12] [Server thread/INFO]: [@: Summoned new Primed TNT]
[10:33:12] [Server thread/INFO]: [@: Summoned new Primed TNT]
[10:33:12] [Server thread/INFO]: [@: Summoned new Primed TNT]
[10:33:12] [Server thread/INFO]: [@: Summoned new Primed TNT]
[10:33:12] [Server thread/INFO]: [@: Summoned new Primed TNT]
[10:33:12] [Server thread/INFO]: [@: Summoned new Primed TNT]
[10:33:12] [Server thread/INFO]: [@: Summoned new Primed TNT]
[10:33:12] [Server thread/INFO]: [@: Summoned new Primed TNT]
[10:33:12] [Server thread/INFO]: [@: Summoned new Primed TNT]
[10:33:12] [Server thread/INFO]: [@: Summoned new Primed TNT]
[10:33:12] [Server thread/INFO]: [@: Summoned new Primed TNT]
[10:33:12] [Server thread/INFO]: [@: Summoned new Primed TNT]
[10:33:12] [Server thread/INFO]: [@: Summoned new Primed TNT]
[10:33:12] [Server thread/INFO]: [@: Summoned new Primed TNT]
[10:33:12] [Server thread/INFO]: [@: Summoned new Primed TNT]
[10:33:12] [Server thread/INFO]: [@: Summoned new Primed TNT]
[10:33:12] [Server thread/INFO]: [@: Summoned new Primed TNT]
[10:33:12] [Server thread/INFO]: [@: Summoned new Primed TNT]
[10:33:12] [Server thread/INFO]: [@: Summoned new Primed TNT]
[10:33:12] [Server thread/INFO]: [@: Summoned new Primed TNT]
[10:33:12] [Server thread/INFO]: [@: Summoned new Primed TNT]
[10:33:12] [Server thread/INFO]: [@: Summoned new Primed TNT]
[10:33:12] [Server thread/INFO]: [@: Summoned new Primed TNT]
[10:33:12] [Server thread/INFO]: [@: Summoned new Primed TNT]
[10:33:12] [Server thread/INFO]: [@: Summoned new Primed TNT]
[10:33:12] [Server thread/INFO]: [@: Summoned new Primed TNT]
[10:33:12] [Server thread/INFO]: [@: Summoned new Primed TNT]
[10:33:12] [Server thread/INFO]: [@: Summoned new Primed TNT]
[10:33:12] [Server thread/INFO]: [@: Summoned new Primed TNT]
[10:33:12] [Server thread/INFO]: [@: Summoned new Primed TNT]
[10:33:12] [Server thread/INFO]: [@: Summoned new Primed TNT]
[10:33:12] [Server thread/INFO]: [@: Summoned new Primed TNT]
[10:33:12] [Server thread/INFO]: [@: Summoned new Primed TNT]
[10:33:12] [Server thread/INFO]: [@: Summoned new Primed TNT]
[10:33:12] [Server thread/INFO]: [@: Summoned new Primed TNT]
[10:33:12] [Server thread/INFO]: [@: Summoned new Primed TNT]
[10:33:12] [Server thread/INFO]: [@: Summoned new Primed TNT]
[10:33:12] [Server thread/INFO]: [@: Summoned new Primed TNT]
[10:33:12] [Server thread/INFO]: [@: Summoned new Primed TNT]
[10:33:12] [Server thread/INFO]: [@: Summoned new Primed TNT]
[10:33:12] [Server thread/INFO]: [@: Summoned new Primed TNT]
[10:33:12] [Server thread/INFO]: [@: Summoned new Primed TNT]
[10:33:12] [Server thread/INFO]: [@: Summoned new Primed TNT]
[10:33:12] [Server thread/INFO]: [@: Summoned new Primed TNT]
[10:33:12] [Server thread/INFO]: [@: Summoned new Primed TNT]
[10:33:12] [Server thread/INFO]: [@: Summoned new Primed TNT]
[10:33:12] [Server thread/INFO]: [@: Summoned new Primed TNT]
[10:33:12] [Server thread/INFO]: [@: Summoned new Primed TNT]
[10:33:12] [Server thread/INFO]: [@: Summoned new Primed TNT]
[10:33:13] [Server thread/INFO]: [@: Summoned new Primed TNT]
[10:33:13] [Server thread/INFO]: [@: Summoned new Primed TNT]
[10:33:13] [Server thread/INFO]: [@: Summoned new Primed TNT]
[10:33:13] [Server thread/INFO]: [@: Summoned new Primed TNT]
[10:33:13] [Server thread/INFO]: [@: Summoned new Primed TNT]
[10:33:13] [Server thread/INFO]: [@: Summoned new Primed TNT]
[10:33:13] [Server thread/INFO]: [@: Summoned new Primed TNT]
[10:33:13] [Server thread/INFO]: [@: Summoned new Primed TNT]
[10:33:13] [Server thread/INFO]: [@: Summoned new Primed TNT]
[10:33:13] [Server thread/INFO]: [@: Summoned new Primed TNT]
[10:33:13] [Server thread/INFO]: [@: Summoned new Primed TNT]
[10:33:13] [Server thread/INFO]: [@: Summoned new Primed TNT]
[10:33:13] [Server thread/INFO]: [@: Summoned new Primed TNT]
[10:33:13] [Server thread/INFO]: [@: Summoned new Primed TNT]
[10:33:13] [Server thread/INFO]: [@: Summoned new Primed TNT]
[10:33:13] [Server thread/INFO]: [@: Summoned new Primed TNT]
[10:33:13] [Server thread/INFO]: [@: Summoned new Primed TNT]
[10:33:13] [Server thread/INFO]: [@: Summoned new Primed TNT]
[10:33:13] [Server thread/INFO]: [@: Summoned new Primed TNT]
[10:33:13] [Server thread/INFO]: [@: Summoned new Primed TNT]
[10:33:13] [Server thread/INFO]: [@: Summoned new Primed TNT]
[10:33:13] [Server thread/INFO]: [@: Summoned new Primed TNT]
[10:33:13] [Server thread/INFO]: [@: Summoned new Primed TNT]
[10:33:13] [Server thread/INFO]: [@: Summoned new Primed TNT]
[10:33:13] [Server thread/INFO]: [@: Summoned new Primed TNT]
[10:33:13] [Server thread/INFO]: [@: Summoned new Primed TNT]
[10:33:13] [Server thread/INFO]: [@: Summoned new Primed TNT]
[10:33:13] [Server thread/INFO]: [@: Summoned new Primed TNT]
[10:33:13] [Server thread/INFO]: [@: Summoned new Primed TNT]
[10:33:13] [Server thread/INFO]: [@: Summoned new Primed TNT]
[10:33:13] [Server thread/INFO]: [@: Summoned new Primed TNT]
[10:33:13] [Server thread/INFO]: [@: Summoned new Primed TNT]
[10:33:13] [Server thread/INFO]: [@: Summoned new Primed TNT]
[10:33:13] [Server thread/INFO]: [@: Summoned new Primed TNT]
[10:33:13] [Server thread/INFO]: [@: Summoned new Primed TNT]
[10:33:13] [Server thread/INFO]: [@: Summoned new Primed TNT]
[10:33:13] [Server thread/INFO]: [@: Summoned new Primed TNT]
[10:33:13] [Server thread/INFO]: [@: Summoned new Primed TNT]
[10:33:13] [Server thread/INFO]: [@: Summoned new Primed TNT]
[10:33:13] [Server thread/INFO]: [@: Summoned new Primed TNT]
[10:33:13] [Server thread/INFO]: [@: Summoned new Primed TNT]
[10:33:13] [Server thread/INFO]: [@: Summoned new Primed TNT]
[10:33:13] [Server thread/INFO]: [@: Summoned new Primed TNT]
[10:33:13] [Server thread/INFO]: [@: Summoned new Primed TNT]
[10:33:13] [Server thread/INFO]: [@: Summoned new Primed TNT]
[10:33:13] [Server thread/INFO]: [@: Summoned new Primed TNT]
[10:33:13] [Server thread/INFO]: [@: Summoned new Primed TNT]
[10:33:13] [Server thread/INFO]: [@: Summoned new Primed TNT]
[10:33:13] [Server thread/INFO]: [@: Summoned new Primed TNT]
[10:33:13] [Server thread/INFO]: [@: Summoned new Primed TNT]
[10:33:13] [Server thread/INFO]: [@: Summoned new Primed TNT]
[10:33:13] [Server thread/INFO]: [@: Summoned new Primed TNT]
[10:33:13] [Server thread/INFO]: [@: Summoned new Primed TNT]
[10:33:13] [Server thread/INFO]: [@: Summoned new Primed TNT]
[10:33:13] [Server thread/INFO]: [@: Summoned new Primed TNT]
[10:33:13] [Server thread/INFO]: [@: Summoned new Primed TNT]
[10:33:13] [Server thread/INFO]: [@: Summoned new Primed TNT]
[10:33:13] [Server thread/INFO]: [@: Summoned new Primed TNT]
[10:33:13] [Server thread/INFO]: [@: Summoned new Primed TNT]
[10:33:13] [Server thread/INFO]: [@: Summoned new Primed TNT]
[10:33:13] [Server thread/INFO]: [@: Summoned new Primed TNT]
[10:33:13] [Server thread/INFO]: [@: Summoned new Primed TNT]
[10:33:13] [Server thread/INFO]: [@: Summoned new Primed TNT]
[10:33:13] [Server thread/INFO]: [@: Summoned new Primed TNT]
[10:33:13] [Server thread/INFO]: [@: Summoned new Primed TNT]
[10:33:13] [Server thread/INFO]: [@: Summoned new Primed TNT]
[10:33:13] [Server thread/INFO]: [@: Summoned new Primed TNT]
[10:33:13] [Server thread/INFO]: [@: Summoned new Primed TNT]
[10:33:13] [Server thread/INFO]: [@: Summoned new Primed TNT]
[10:33:13] [Server thread/INFO]: [@: Summoned new Primed TNT]
[10:33:13] [Server thread/INFO]: [@: Summoned new Primed TNT]
[10:33:13] [Server thread/INFO]: [@: Summoned new Primed TNT]
[10:33:13] [Server thread/INFO]: [@: Summoned new Primed TNT]
[10:33:13] [Server thread/INFO]: [@: Summoned new Primed TNT]
[10:33:13] [Server thread/INFO]: [@: Summoned new Primed TNT]
[10:33:13] [Server thread/INFO]: [@: Summoned new Primed TNT]
[10:33:13] [Server thread/INFO]: [@: Summoned new Primed TNT]
[10:33:13] [Server thread/INFO]: [@: Summoned new Primed TNT]
[10:33:13] [Server thread/INFO]: [@: Summoned new Primed TNT]
[10:33:13] [Server thread/INFO]: [@: Summoned new Primed TNT]
[10:33:13] [Server thread/INFO]: [@: Summoned new Primed TNT]
[10:33:13] [Server thread/INFO]: [@: Summoned new Primed TNT]
[10:33:13] [Server thread/INFO]: [@: Summoned new Primed TNT]
[10:33:13] [Server thread/INFO]: [@: Summoned new Primed TNT]
[10:33:13] [Server thread/INFO]: [@: Summoned new Primed TNT]
[10:33:13] [Server thread/INFO]: [@: Summoned new Primed TNT]
[10:33:13] [Server thread/INFO]: [@: Summoned new Primed TNT]
[10:33:13] [Server thread/INFO]: [@: Summoned new Primed TNT]
[10:33:13] [Server thread/INFO]: [@: Summoned new Primed TNT]
[10:33:13] [Server thread/INFO]: [@: Summoned new Primed TNT]
[10:33:13] [Server thread/INFO]: [@: Summoned new Primed TNT]
[10:33:13] [Server thread/INFO]: [@: Summoned new Primed TNT]
[10:33:13] [Server thread/INFO]: [@: Summoned new Primed TNT]
[10:33:13] [Server thread/INFO]: [@: Summoned new Primed TNT]
[10:33:13] [Server thread/INFO]: [@: Summoned new Primed TNT]
[10:33:13] [Server thread/INFO]: [@: Summoned new Primed TNT]
[10:33:13] [Server thread/INFO]: [@: Summoned new Primed TNT]
[10:33:13] [Server thread/INFO]: [@: Summoned new Primed TNT]
[10:33:13] [Server thread/INFO]: [@: Summoned new Primed TNT]
[10:33:13] [Server thread/INFO]: [@: Summoned new Primed TNT]
[10:33:13] [Server thread/INFO]: [@: Summoned new Primed TNT]
[10:33:13] [Server thread/INFO]: [@: Summoned new Primed TNT]
[10:33:13] [Server thread/INFO]: [@: Summoned new Primed TNT]
[10:33:13] [Server thread/INFO]: [@: Summoned new Primed TNT]
[10:33:13] [Server thread/INFO]: [@: Summoned new Primed TNT]
[10:33:13] [Server thread/INFO]: [@: Summoned new Primed TNT]
[10:33:13] [Server thread/INFO]: [@: Summoned new Primed TNT]
[10:33:13] [Server thread/INFO]: [@: Summoned new Primed TNT]
[10:33:13] [Server thread/INFO]: [@: Summoned new Primed TNT]
[10:33:13] [Server thread/INFO]: [@: Summoned new Primed TNT]
[10:33:13] [Server thread/INFO]: [@: Summoned new Primed TNT]
[10:33:13] [Server thread/INFO]: [@: Summoned new Primed TNT]
[10:33:13] [Server thread/INFO]: [@: Summoned new Primed TNT]
[10:33:13] [Server thread/INFO]: [@: Summoned new Primed TNT]
[10:33:13] [Server thread/INFO]: [@: Summoned new Primed TNT]
[10:33:13] [Server thread/INFO]: [@: Summoned new Primed TNT]
[10:33:13] [Server thread/INFO]: [@: Summoned new Primed TNT]
[10:33:13] [Server thread/INFO]: [@: Summoned new Primed TNT]
[10:33:13] [Server thread/INFO]: [@: Summoned new Primed TNT]
[10:33:13] [Server thread/INFO]: [@: Summoned new Primed TNT]
[10:33:13] [Server thread/INFO]: [@: Summoned new Primed TNT]
[10:33:13] [Server thread/INFO]: [@: Summoned new Primed TNT]
[10:33:13] [Server thread/INFO]: [@: Summoned new Primed TNT]
[10:33:13] [Server thread/INFO]: [@: Summoned new Primed TNT]
[10:33:13] [Server thread/INFO]: [@: Summoned new Primed TNT]
[10:33:13] [Server thread/INFO]: [@: Summoned new Primed TNT]
[10:33:13] [Server thread/INFO]: [@: Summoned new Primed TNT]
[10:33:13] [Server thread/INFO]: [@: Summoned new Primed TNT]
[10:33:13] [Server thread/INFO]: [@: Summoned new Primed TNT]
[10:33:13] [Server thread/INFO]: [@: Summoned new Primed TNT]
[10:33:13] [Server thread/INFO]: [@: Summoned new Primed TNT]
[10:33:13] [Server thread/INFO]: [@: Summoned new Primed TNT]
[10:33:13] [Server thread/INFO]: [@: Summoned new Primed TNT]
[10:33:13] [Server thread/INFO]: [@: Summoned new Primed TNT]
[10:33:13] [Server thread/INFO]: [@: Summoned new Primed TNT]
[10:33:13] [Server thread/INFO]: [@: Summoned new Primed TNT]
[10:33:13] [Server thread/INFO]: [@: Summoned new Primed TNT]
[10:33:13] [Server thread/INFO]: [@: Summoned new Primed TNT]
[10:33:13] [Server thread/INFO]: [@: Summoned new Primed TNT]
[10:33:13] [Server thread/INFO]: [@: Summoned new Primed TNT]
[10:33:13] [Server thread/INFO]: [@: Summoned new Primed TNT]
[10:33:13] [Server thread/INFO]: [@: Summoned new Primed TNT]
[10:33:13] [Server thread/INFO]: [@: Summoned new Primed TNT]
[10:33:13] [Server thread/INFO]: [@: Summoned new Primed TNT]
[10:33:13] [Server thread/INFO]: [@: Summoned new Primed TNT]
[10:33:13] [Server thread/INFO]: [@: Summoned new Primed TNT]
[10:33:13] [Server thread/INFO]: [@: Summoned new Primed TNT]
[10:33:13] [Server thread/INFO]: [@: Summoned new Primed TNT]
[10:33:13] [Server thread/INFO]: [@: Summoned new Primed TNT]
[10:33:13] [Server thread/INFO]: [@: Summoned new Primed TNT]
[10:33:13] [Server thread/INFO]: [@: Summoned new Primed TNT]
[10:33:13] [Server thread/INFO]: [@: Summoned new Primed TNT]
[10:33:13] [Server thread/INFO]: [@: Summoned new Primed TNT]
[10:33:13] [Server thread/INFO]: [@: Summoned new Primed TNT]
[10:33:13] [Server thread/INFO]: [@: Summoned new Primed TNT]
[10:33:13] [Server thread/INFO]: [@: Summoned new Primed TNT]
[10:33:13] [Server thread/INFO]: [@: Summoned new Primed TNT]
[10:33:13] [Server thread/INFO]: [@: Summoned new Primed TNT]
[10:33:13] [Server thread/INFO]: [@: Summoned new Primed TNT]
[10:33:13] [Server thread/INFO]: [@: Summoned new Primed TNT]
[10:33:13] [Server thread/INFO]: [@: Summoned new Primed TNT]
[10:33:13] [Server thread/INFO]: [@: Summoned new Primed TNT]
[10:33:13] [Server thread/INFO]: [@: Summoned new Primed TNT]
[10:33:13] [Server thread/INFO]: [@: Summoned new Primed TNT]
[10:33:13] [Server thread/INFO]: [@: Summoned new Primed TNT]
[10:33:13] [Server thread/INFO]: [@: Summoned new Primed TNT]
[10:33:13] [Server thread/INFO]: [@: Summoned new Primed TNT]
[10:33:13] [Server thread/INFO]: [@: Summoned new Primed TNT]
[10:33:13] [Server thread/INFO]: [@: Summoned new Primed TNT]
[10:33:13] [Server thread/INFO]: [@: Summoned new Primed TNT]
[10:33:13] [Server thread/INFO]: [@: Summoned new Primed TNT]
[10:33:13] [Server thread/INFO]: [@: Summoned new Primed TNT]
[10:33:13] [Server thread/INFO]: [@: Summoned new Primed TNT]
[10:33:13] [Server thread/INFO]: [@: Summoned new Primed TNT]
[10:33:13] [Server thread/INFO]: [@: Summoned new Primed TNT]
[10:33:13] [Server thread/INFO]: [@: Summoned new Primed TNT]
[10:33:13] [Server thread/INFO]: [@: Summoned new Primed TNT]
[10:33:13] [Server thread/INFO]: [@: Summoned new Primed TNT]
[10:33:13] [Server thread/INFO]: [@: Summoned new Primed TNT]
[10:33:13] [Server thread/INFO]: [@: Summoned new Primed TNT]
[10:33:13] [Server thread/INFO]: [@: Summoned new Primed TNT]
[10:33:13] [Server thread/INFO]: [@: Summoned new Primed TNT]
[10:33:13] [Server thread/INFO]: [@: Summoned new Primed TNT]
[10:33:13] [Server thread/INFO]: [@: Summoned new Primed TNT]
[10:33:13] [Server thread/INFO]: [@: Summoned new Primed TNT]
[10:33:13] [Server thread/INFO]: [@: Summoned new Primed TNT]
[10:33:13] [Server thread/INFO]: [@: Summoned new Primed TNT]
[10:33:13] [Server thread/INFO]: [@: Summoned new Primed TNT]
[10:33:13] [Server thread/INFO]: [@: Summoned new Primed TNT]
[10:33:13] [Server thread/INFO]: [@: Summoned new Primed TNT]
[10:33:13] [Server thread/INFO]: [@: Summoned new Primed TNT]
[10:33:13] [Server thread/INFO]: [@: Summoned new Primed TNT]
[10:33:13] [Server thread/INFO]: [@: Summoned new Primed TNT]
[10:33:13] [Server thread/INFO]: [@: Summoned new Primed TNT]
[10:33:13] [Server thread/INFO]: [@: Summoned new Primed TNT]
[10:33:13] [Server thread/INFO]: [@: Summoned new Primed TNT]
[10:33:13] [Server thread/INFO]: [@: Summoned new Primed TNT]
[10:33:13] [Server thread/INFO]: [@: Summoned new Primed TNT]
[10:33:13] [Server thread/INFO]: [@: Summoned new Primed TNT]
[10:33:13] [Server thread/INFO]: [@: Summoned new Primed TNT]
[10:33:13] [Server thread/INFO]: [@: Summoned new Primed TNT]
[10:33:13] [Server thread/INFO]: [@: Summoned new Primed TNT]
[10:33:13] [Server thread/INFO]: [@: Summoned new Primed TNT]
[10:33:13] [Server thread/INFO]: [@: Summoned new Primed TNT]
[10:33:13] [Server thread/INFO]: [@: Summoned new Primed TNT]
[10:33:13] [Server thread/INFO]: [@: Summoned new Primed TNT]
[10:33:13] [Server thread/INFO]: [@: Summoned new Primed TNT]
[10:33:13] [Server thread/INFO]: [@: Summoned new Primed TNT]
[10:33:13] [Server thread/INFO]: [@: Summoned new Primed TNT]
[10:33:13] [Server thread/INFO]: [@: Summoned new Primed TNT]
[10:33:13] [Server thread/INFO]: [@: Summoned new Primed TNT]
[10:33:13] [Server thread/INFO]: [@: Summoned new Primed TNT]
[10:33:13] [Server thread/INFO]: [@: Summoned new Primed TNT]
[10:33:13] [Server thread/INFO]: [@: Summoned new Primed TNT]
[10:33:13] [Server thread/INFO]: [@: Summoned new Primed TNT]
[10:33:13] [Server thread/INFO]: [@: Summoned new Primed TNT]
[10:33:13] [Server thread/INFO]: [@: Summoned new Primed TNT]
[10:33:13] [Server thread/INFO]: [@: Summoned new Primed TNT]
[10:33:13] [Server thread/INFO]: [@: Summoned new Primed TNT]
[10:33:13] [Server thread/INFO]: [@: Summoned new Primed TNT]
[10:33:13] [Server thread/INFO]: [@: Summoned new Primed TNT]
[10:33:13] [Server thread/INFO]: [@: Summoned new Primed TNT]
[10:33:13] [Server thread/INFO]: [@: Summoned new Primed TNT]
[10:33:13] [Server thread/INFO]: [@: Summoned new Primed TNT]
[10:33:13] [Server thread/INFO]: [@: Summoned new Primed TNT]
[10:33:13] [Server thread/INFO]: [@: Summoned new Primed TNT]
[10:33:13] [Server thread/INFO]: [@: Summoned new Primed TNT]
[10:33:13] [Server thread/INFO]: [@: Summoned new Primed TNT]
[10:33:13] [Server thread/INFO]: [@: Summoned new Primed TNT]
[10:33:13] [Server thread/INFO]: [@: Summoned new Primed TNT]
[10:33:13] [Server thread/INFO]: [@: Summoned new Primed TNT]
[10:33:13] [Server thread/INFO]: [@: Summoned new Primed TNT]
[10:33:13] [Server thread/INFO]: [@: Summoned new Primed TNT]
[10:33:13] [Server thread/INFO]: [@: Summoned new Primed TNT]
[10:33:13] [Server thread/INFO]: [@: Summoned new Primed TNT]
[10:33:13] [Server thread/INFO]: [@: Summoned new Primed TNT]
[10:33:13] [Server thread/INFO]: [@: Summoned new Primed TNT]
[10:33:13] [Server thread/INFO]: [@: Summoned new Primed TNT]
[10:33:13] [Server thread/INFO]: [@: Summoned new Primed TNT]
[10:33:13] [Server thread/INFO]: [@: Summoned new Primed TNT]
[10:33:13] [Server thread/INFO]: [@: Summoned new Primed TNT]
[10:33:13] [Server thread/INFO]: [@: Summoned new Primed TNT]
[10:33:13] [Server thread/INFO]: [@: Summoned new Primed TNT]
[10:33:13] [Server thread/INFO]: [@: Summoned new Primed TNT]
[10:33:13] [Server thread/INFO]: [@: Summoned new Primed TNT]
[10:33:13] [Server thread/INFO]: [@: Summoned new Primed TNT]
[10:33:13] [Server thread/INFO]: [@: Summoned new Primed TNT]
[10:33:13] [Server thread/INFO]: [@: Summoned new Primed TNT]
[10:33:13] [Server thread/INFO]: [@: Summoned new Primed TNT]
[10:33:13] [Server thread/INFO]: [@: Summoned new Primed TNT]
[10:33:13] [Server thread/INFO]: [@: Summoned new Primed TNT]
[10:33:13] [Server thread/INFO]: [@: Summoned new Primed TNT]
[10:33:13] [Server thread/INFO]: [@: Summoned new Primed TNT]
[10:33:13] [Server thread/INFO]: [@: Summoned new Primed TNT]
[10:33:13] [Server thread/INFO]: [@: Summoned new Primed TNT]
[10:33:13] [Server thread/INFO]: [@: Summoned new Primed TNT]
[10:33:13] [Server thread/INFO]: [@: Summoned new Primed TNT]
[10:33:13] [Server thread/INFO]: [@: Summoned new Primed TNT]
[10:33:13] [Server thread/INFO]: [@: Summoned new Primed TNT]
[10:33:13] [Server thread/INFO]: [@: Summoned new Primed TNT]
[10:33:13] [Server thread/INFO]: [@: Summoned new Primed TNT]
[10:33:13] [Server thread/INFO]: [@: Summoned new Primed TNT]
[10:33:13] [Server thread/INFO]: [@: Summoned new Primed TNT]
[10:33:14] [Server thread/INFO]: [@: Summoned new Primed TNT]
[10:33:14] [Server thread/INFO]: [@: Summoned new Primed TNT]
[10:33:14] [Server thread/INFO]: [@: Summoned new Primed TNT]
[10:33:14] [Server thread/INFO]: [@: Summoned new Primed TNT]
[10:33:14] [Server thread/INFO]: [@: Summoned new Primed TNT]
[10:33:14] [Server thread/INFO]: [@: Summoned new Primed TNT]
[10:33:14] [Server thread/INFO]: [@: Summoned new Primed TNT]
[10:33:14] [Server thread/INFO]: [@: Summoned new Primed TNT]
[10:33:14] [Server thread/INFO]: [@: Summoned new Primed TNT]
[10:33:14] [Server thread/INFO]: [@: Summoned new Primed TNT]
[10:33:14] [Server thread/INFO]: [@: Summoned new Primed TNT]
[10:33:14] [Server thread/INFO]: [@: Summoned new Primed TNT]
[10:33:14] [Server thread/INFO]: [@: Summoned new Primed TNT]
[10:33:14] [Server thread/INFO]: [@: Summoned new Primed TNT]
[10:33:14] [Server thread/INFO]: [@: Summoned new Primed TNT]
[10:33:14] [Server thread/INFO]: [@: Summoned new Primed TNT]
[10:33:14] [Server thread/INFO]: [@: Summoned new Primed TNT]
[10:33:14] [Server thread/INFO]: [@: Summoned new Primed TNT]
[10:33:14] [Server thread/INFO]: [@: Summoned new Primed TNT]
[10:33:14] [Server thread/INFO]: [@: Summoned new Primed TNT]
[10:33:14] [Server thread/INFO]: [@: Summoned new Primed TNT]
[10:33:14] [Server thread/INFO]: [@: Summoned new Primed TNT]
[10:33:14] [Server thread/INFO]: [@: Summoned new Primed TNT]
[10:33:14] [Server thread/INFO]: [@: Summoned new Primed TNT]
[10:33:14] [Server thread/INFO]: [@: Summoned new Primed TNT]
[10:33:14] [Server thread/INFO]: [@: Summoned new Primed TNT]
[10:33:14] [Server thread/INFO]: [@: Summoned new Primed TNT]
[10:33:14] [Server thread/INFO]: [@: Summoned new Primed TNT]
[10:33:14] [Server thread/INFO]: [@: Summoned new Primed TNT]
[10:33:14] [Server thread/INFO]: [@: Summoned new Primed TNT]
[10:33:14] [Server thread/INFO]: [@: Summoned new Primed TNT]
[10:33:14] [Server thread/INFO]: [@: Summoned new Primed TNT]
[10:33:14] [Server thread/INFO]: [@: Summoned new Primed TNT]
[10:33:14] [Server thread/INFO]: [@: Summoned new Primed TNT]
[10:33:14] [Server thread/INFO]: [@: Summoned new Primed TNT]
[10:33:14] [Server thread/INFO]: [@: Summoned new Primed TNT]
[10:33:14] [Server thread/INFO]: [@: Summoned new Primed TNT]
[10:33:14] [Server thread/INFO]: [@: Summoned new Primed TNT]
[10:33:14] [Server thread/INFO]: [@: Summoned new Primed TNT]
[10:33:14] [Server thread/INFO]: [@: Summoned new Primed TNT]
[10:33:14] [Server thread/INFO]: [@: Summoned new Primed TNT]
[10:33:14] [Server thread/INFO]: [@: Summoned new Primed TNT]
[10:33:14] [Server thread/INFO]: [@: Summoned new Primed TNT]
[10:33:14] [Server thread/INFO]: [@: Summoned new Primed TNT]
[10:33:14] [Server thread/INFO]: [@: Summoned new Primed TNT]
[10:33:14] [Server thread/INFO]: [@: Summoned new Primed TNT]
[10:33:14] [Server thread/INFO]: [@: Summoned new Primed TNT]
[10:33:14] [Server thread/INFO]: [@: Summoned new Primed TNT]
[10:33:14] [Server thread/INFO]: [@: Summoned new Primed TNT]
[10:33:14] [Server thread/INFO]: [@: Summoned new Primed TNT]
[10:33:14] [Server thread/INFO]: [@: Summoned new Primed TNT]
[10:33:14] [Server thread/INFO]: [@: Summoned new Primed TNT]
[10:33:14] [Server thread/INFO]: [@: Summoned new Primed TNT]
[10:33:14] [Server thread/INFO]: [@: Summoned new Primed TNT]
[10:33:14] [Server thread/INFO]: [@: Summoned new Primed TNT]
[10:33:14] [Server thread/INFO]: [@: Summoned new Primed TNT]
[10:33:14] [Server thread/INFO]: [@: Summoned new Primed TNT]
[10:33:14] [Server thread/INFO]: [@: Summoned new Primed TNT]
[10:33:14] [Server thread/INFO]: [@: Summoned new Primed TNT]
[10:33:14] [Server thread/INFO]: [@: Summoned new Primed TNT]
[10:33:14] [Server thread/INFO]: [@: Summoned new Primed TNT]
[10:33:14] [Server thread/INFO]: [@: Summoned new Primed TNT]
[10:33:14] [Server thread/INFO]: [@: Summoned new Primed TNT]
[10:33:14] [Server thread/INFO]: [@: Summoned new Primed TNT]
[10:33:14] [Server thread/INFO]: [@: Summoned new Primed TNT]
[10:33:14] [Server thread/INFO]: [@: Summoned new Primed TNT]
[10:33:14] [Server thread/INFO]: [@: Summoned new Primed TNT]
[10:33:14] [Server thread/INFO]: [@: Summoned new Primed TNT]
[10:33:14] [Server thread/INFO]: [@: Summoned new Primed TNT]
[10:33:14] [Server thread/INFO]: [@: Summoned new Primed TNT]
[10:33:14] [Server thread/INFO]: [@: Summoned new Primed TNT]
[10:33:14] [Server thread/INFO]: [@: Summoned new Primed TNT]
[10:33:14] [Server thread/INFO]: [@: Summoned new Primed TNT]
[10:33:14] [Server thread/INFO]: [@: Summoned new Primed TNT]
[10:33:14] [Server thread/INFO]: [@: Summoned new Primed TNT]
[10:33:14] [Server thread/INFO]: [@: Summoned new Primed TNT]
[10:33:14] [Server thread/INFO]: [@: Summoned new Primed TNT]
[10:33:14] [Server thread/INFO]: [@: Summoned new Primed TNT]
[10:33:14] [Server thread/INFO]: [@: Summoned new Primed TNT]
[10:33:14] [Server thread/INFO]: [@: Summoned new Primed TNT]
[10:33:14] [Server thread/INFO]: [@: Summoned new Primed TNT]
[10:33:14] [Server thread/INFO]: [@: Summoned new Primed TNT]
[10:33:14] [Server thread/INFO]: [@: Summoned new Primed TNT]
[10:33:14] [Server thread/INFO]: [@: Summoned new Primed TNT]
[10:33:14] [Server thread/INFO]: [@: Summoned new Primed TNT]
[10:33:14] [Server thread/INFO]: [@: Summoned new Primed TNT]
[10:33:14] [Server thread/INFO]: [@: Summoned new Primed TNT]
[10:33:14] [Server thread/INFO]: [@: Summoned new Primed TNT]
[10:33:14] [Server thread/INFO]: [@: Summoned new Primed TNT]
[10:33:14] [Server thread/INFO]: [@: Summoned new Primed TNT]
[10:33:14] [Server thread/INFO]: [@: Summoned new Primed TNT]
[10:33:14] [Server thread/INFO]: [@: Summoned new Primed TNT]
[10:33:14] [Server thread/INFO]: [@: Summoned new Primed TNT]
[10:33:14] [Server thread/INFO]: [@: Summoned new Primed TNT]
[10:33:14] [Server thread/INFO]: [@: Summoned new Primed TNT]
[10:33:14] [Server thread/INFO]: [@: Summoned new Primed TNT]
[10:33:14] [Server thread/INFO]: [@: Summoned new Primed TNT]
[10:33:14] [Server thread/INFO]: [@: Summoned new Primed TNT]
[10:33:14] [Server thread/INFO]: [@: Summoned new Primed TNT]
[10:33:14] [Server thread/INFO]: [@: Summoned new Primed TNT]
[10:33:14] [Server thread/INFO]: [@: Summoned new Primed TNT]
[10:33:14] [Server thread/INFO]: [@: Summoned new Primed TNT]
[10:33:14] [Server thread/INFO]: [@: Summoned new Primed TNT]
[10:33:14] [Server thread/INFO]: [@: Summoned new Primed TNT]
[10:33:14] [Server thread/INFO]: [@: Summoned new Primed TNT]
[10:33:14] [Server thread/INFO]: [@: Summoned new Primed TNT]
[10:33:14] [Server thread/INFO]: [@: Summoned new Primed TNT]
[10:33:14] [Server thread/INFO]: [@: Summoned new Primed TNT]
[10:33:14] [Server thread/INFO]: [@: Summoned new Primed TNT]
[10:33:14] [Server thread/INFO]: [@: Summoned new Primed TNT]
[10:33:14] [Server thread/INFO]: [@: Summoned new Primed TNT]
[10:33:14] [Server thread/INFO]: [@: Summoned new Primed TNT]
[10:33:14] [Server thread/INFO]: [@: Summoned new Primed TNT]
[10:33:14] [Server thread/INFO]: [@: Summoned new Primed TNT]
[10:33:14] [Server thread/INFO]: [@: Summoned new Primed TNT]
[10:33:14] [Server thread/INFO]: [@: Summoned new Primed TNT]
[10:33:14] [Server thread/INFO]: [@: Summoned new Primed TNT]
[10:33:14] [Server thread/INFO]: [@: Summoned new Primed TNT]
[10:33:14] [Server thread/INFO]: [@: Summoned new Primed TNT]
[10:33:14] [Server thread/INFO]: [@: Summoned new Primed TNT]
[10:33:14] [Server thread/INFO]: [@: Summoned new Primed TNT]
[10:33:14] [Server thread/INFO]: [@: Summoned new Primed TNT]
[10:33:14] [Server thread/INFO]: [@: Summoned new Primed TNT]
[10:33:14] [Server thread/INFO]: [@: Summoned new Primed TNT]
[10:33:14] [Server thread/INFO]: [@: Summoned new Primed TNT]
[10:33:14] [Server thread/INFO]: [@: Summoned new Primed TNT]
[10:33:14] [Server thread/INFO]: [@: Summoned new Primed TNT]
[10:33:14] [Server thread/INFO]: [@: Summoned new Primed TNT]
[10:33:14] [Server thread/INFO]: [@: Summoned new Primed TNT]
[10:33:14] [Server thread/INFO]: [@: Summoned new Primed TNT]
[10:33:14] [Server thread/INFO]: [@: Summoned new Primed TNT]
[10:33:14] [Server thread/INFO]: [@: Summoned new Primed TNT]
[10:33:14] [Server thread/INFO]: [@: Summoned new Primed TNT]
[10:33:14] [Server thread/INFO]: [@: Summoned new Primed TNT]
[10:33:14] [Server thread/INFO]: [@: Summoned new Primed TNT]
[10:33:14] [Server thread/INFO]: [@: Summoned new Primed TNT]
[10:33:14] [Server thread/INFO]: [@: Summoned new Primed TNT]
[10:33:14] [Server thread/INFO]: [@: Summoned new Primed TNT]
[10:33:14] [Server thread/INFO]: [@: Summoned new Primed TNT]
[10:33:14] [Server thread/INFO]: [@: Summoned new Primed TNT]
[10:33:14] [Server thread/INFO]: [@: Summoned new Primed TNT]
[10:33:14] [Server thread/INFO]: [@: Summoned new Primed TNT]
[10:33:14] [Server thread/INFO]: [@: Summoned new Primed TNT]
[10:33:14] [Server thread/INFO]: [@: Summoned new Primed TNT]
[10:33:14] [Server thread/INFO]: [@: Summoned new Primed TNT]
[10:33:14] [Server thread/INFO]: [@: Summoned new Primed TNT]
[10:33:14] [Server thread/INFO]: [@: Summoned new Primed TNT]
[10:33:14] [Server thread/INFO]: [@: Summoned new Primed TNT]
[10:33:14] [Server thread/INFO]: [@: Summoned new Primed TNT]
[10:33:14] [Server thread/INFO]: [@: Summoned new Primed TNT]
[10:33:14] [Server thread/INFO]: [@: Summoned new Primed TNT]
[10:33:14] [Server thread/INFO]: [@: Summoned new Primed TNT]
[10:33:14] [Server thread/INFO]: [@: Summoned new Primed TNT]
[10:33:14] [Server thread/INFO]: [@: Summoned new Primed TNT]
[10:33:14] [Server thread/INFO]: [@: Summoned new Primed TNT]
[10:33:14] [Server thread/INFO]: [@: Summoned new Primed TNT]
[10:33:14] [Server thread/INFO]: [@: Summoned new Primed TNT]
[10:33:14] [Server thread/INFO]: [@: Summoned new Primed TNT]
[10:33:14] [Server thread/INFO]: [@: Summoned new Primed TNT]
[10:33:14] [Server thread/INFO]: [@: Summoned new Primed TNT]
[10:33:14] [Server thread/INFO]: [@: Summoned new Primed TNT]
[10:33:14] [Server thread/INFO]: [@: Summoned new Primed TNT]
[10:33:14] [Server thread/INFO]: [@: Summoned new Primed TNT]
[10:33:14] [Server thread/INFO]: [@: Summoned new Primed TNT]
[10:33:14] [Server thread/INFO]: [@: Summoned new Primed TNT]
[10:33:14] [Server thread/INFO]: [@: Summoned new Primed TNT]
[10:33:14] [Server thread/INFO]: [@: Summoned new Primed TNT]
[10:33:14] [Server thread/INFO]: [@: Summoned new Primed TNT]
[10:33:14] [Server thread/INFO]: [@: Summoned new Primed TNT]
[10:33:14] [Server thread/INFO]: [@: Summoned new Primed TNT]
[10:33:14] [Server thread/INFO]: [@: Summoned new Primed TNT]
[10:33:14] [Server thread/INFO]: [@: Summoned new Primed TNT]
[10:33:14] [Server thread/INFO]: [@: Summoned new Primed TNT]
[10:33:14] [Server thread/INFO]: [@: Summoned new Primed TNT]
[10:33:14] [Server thread/INFO]: [@: Summoned new Primed TNT]
[10:33:14] [Server thread/INFO]: [@: Summoned new Primed TNT]
[10:33:14] [Server thread/INFO]: [@: Summoned new Primed TNT]
[10:33:14] [Server thread/INFO]: [@: Summoned new Primed TNT]
[10:33:14] [Server thread/INFO]: [@: Summoned new Primed TNT]
[10:33:15] [Server thread/INFO]: [@: Summoned new Primed TNT]
[10:33:15] [Server thread/INFO]: [@: Summoned new Primed TNT]
[10:33:15] [Server thread/INFO]: [@: Summoned new Primed TNT]
[10:33:15] [Server thread/INFO]: [@: Summoned new Primed TNT]
[10:33:15] [Server thread/INFO]: [@: Summoned new Primed TNT]
[10:33:15] [Server thread/INFO]: [@: Summoned new Primed TNT]
[10:33:15] [Server thread/INFO]: [@: Summoned new Primed TNT]
[10:33:15] [Server thread/INFO]: [@: Summoned new Primed TNT]
[10:33:15] [Server thread/INFO]: [@: Summoned new Primed TNT]
[10:33:15] [Server thread/INFO]: [@: Summoned new Primed TNT]
[10:33:15] [Server thread/INFO]: [@: Summoned new Primed TNT]
[10:33:15] [Server thread/INFO]: [@: Summoned new Primed TNT]
[10:33:15] [Server thread/INFO]: [@: Summoned new Primed TNT]
[10:33:15] [Server thread/INFO]: [@: Summoned new Primed TNT]
[10:33:15] [Server thread/INFO]: [@: Summoned new Primed TNT]
[10:33:15] [Server thread/INFO]: [@: Summoned new Primed TNT]
[10:33:15] [Server thread/INFO]: [@: Summoned new Primed TNT]
[10:33:15] [Server thread/INFO]: [@: Summoned new Primed TNT]
[10:33:15] [Server thread/INFO]: [@: Summoned new Primed TNT]
[10:33:15] [Server thread/INFO]: [@: Summoned new Primed TNT]
[10:33:15] [Server thread/INFO]: [@: Summoned new Primed TNT]
[10:33:15] [Server thread/INFO]: [@: Summoned new Primed TNT]
[10:33:15] [Server thread/INFO]: [@: Summoned new Primed TNT]
[10:33:15] [Server thread/INFO]: [@: Summoned new Primed TNT]
[10:33:15] [Server thread/INFO]: [@: Summoned new Primed TNT]
[10:33:15] [Server thread/INFO]: [@: Summoned new Primed TNT]
[10:33:15] [Server thread/INFO]: [@: Summoned new Primed TNT]
[10:33:15] [Server thread/INFO]: [@: Summoned new Primed TNT]
[10:33:15] [Server thread/INFO]: [@: Summoned new Primed TNT]
[10:33:15] [Server thread/INFO]: [@: Summoned new Primed TNT]
[10:33:15] [Server thread/INFO]: [@: Summoned new Primed TNT]
[10:33:15] [Server thread/INFO]: [@: Summoned new Primed TNT]
[10:33:15] [Server thread/INFO]: [@: Summoned new Primed TNT]
[10:33:15] [Server thread/INFO]: [@: Summoned new Primed TNT]
[10:33:15] [Server thread/INFO]: [@: Summoned new Primed TNT]
[10:33:15] [Server thread/INFO]: [@: Summoned new Primed TNT]
[10:33:15] [Server thread/INFO]: [@: Summoned new Primed TNT]
[10:33:15] [Server thread/INFO]: [@: Summoned new Primed TNT]
[10:33:15] [Server thread/INFO]: [@: Summoned new Primed TNT]
[10:33:15] [Server thread/INFO]: [@: Summoned new Primed TNT]
[10:33:15] [Server thread/INFO]: [@: Summoned new Primed TNT]
[10:33:15] [Server thread/INFO]: [@: Summoned new Primed TNT]
[10:33:15] [Server thread/INFO]: [@: Summoned new Primed TNT]
[10:33:15] [Server thread/INFO]: [@: Summoned new Primed TNT]
[10:33:15] [Server thread/INFO]: [@: Summoned new Primed TNT]
[10:33:15] [Server thread/INFO]: [@: Summoned new Primed TNT]
[10:33:15] [Server thread/INFO]: [@: Summoned new Primed TNT]
[10:33:15] [Server thread/INFO]: [@: Summoned new Primed TNT]
[10:33:15] [Server thread/INFO]: [@: Summoned new Primed TNT]
[10:33:15] [Server thread/INFO]: [@: Summoned new Primed TNT]
[10:33:15] [Server thread/INFO]: [@: Summoned new Primed TNT]
[10:33:15] [Server thread/INFO]: [@: Summoned new Primed TNT]
[10:33:15] [Server thread/INFO]: [@: Summoned new Primed TNT]
[10:33:15] [Server thread/INFO]: [@: Summoned new Primed TNT]
[10:33:15] [Server thread/INFO]: [@: Summoned new Primed TNT]
[10:33:15] [Server thread/INFO]: [@: Summoned new Primed TNT]
[10:33:15] [Server thread/INFO]: [@: Summoned new Primed TNT]
[10:33:15] [Server thread/INFO]: [@: Summoned new Primed TNT]
[10:33:15] [Server thread/INFO]: [@: Summoned new Primed TNT]
[10:33:15] [Server thread/INFO]: [@: Summoned new Primed TNT]
[10:33:15] [Server thread/INFO]: [@: Summoned new Primed TNT]
[10:33:15] [Server thread/INFO]: [@: Summoned new Primed TNT]
[10:33:15] [Server thread/INFO]: [@: Summoned new Primed TNT]
[10:33:15] [Server thread/INFO]: [@: Summoned new Primed TNT]
[10:33:15] [Server thread/INFO]: [@: Summoned new Primed TNT]
[10:33:15] [Server thread/INFO]: [@: Summoned new Primed TNT]
[10:33:15] [Server thread/INFO]: [@: Summoned new Primed TNT]
[10:33:15] [Server thread/INFO]: [@: Summoned new Primed TNT]
[10:33:15] [Server thread/INFO]: [@: Summoned new Primed TNT]
[10:33:15] [Server thread/INFO]: [@: Summoned new Primed TNT]
[10:33:15] [Server thread/INFO]: [@: Summoned new Primed TNT]
[10:33:15] [Server thread/INFO]: [@: Summoned new Primed TNT]
[10:33:15] [Server thread/INFO]: [@: Summoned new Primed TNT]
[10:33:15] [Server thread/INFO]: [@: Summoned new Primed TNT]
[10:33:15] [Server thread/INFO]: [@: Summoned new Primed TNT]
[10:33:15] [Server thread/INFO]: [@: Summoned new Primed TNT]
[10:33:15] [Server thread/INFO]: [@: Summoned new Primed TNT]
[10:33:15] [Server thread/INFO]: [@: Summoned new Primed TNT]
[10:33:15] [Server thread/INFO]: [@: Summoned new Primed TNT]
[10:33:15] [Server thread/INFO]: [@: Summoned new Primed TNT]
[10:33:15] [Server thread/INFO]: [@: Summoned new Primed TNT]
[10:33:15] [Server thread/INFO]: [@: Summoned new Primed TNT]
[10:33:15] [Server thread/INFO]: [@: Summoned new Primed TNT]
[10:33:15] [Server thread/INFO]: [@: Summoned new Primed TNT]
[10:33:15] [Server thread/INFO]: [@: Summoned new Primed TNT]
[10:33:15] [Server thread/INFO]: [@: Summoned new Primed TNT]
[10:33:15] [Server thread/INFO]: [@: Summoned new Primed TNT]
[10:33:15] [Server thread/INFO]: [@: Summoned new Primed TNT]
[10:33:15] [Server thread/INFO]: [@: Summoned new Primed TNT]
[10:33:15] [Server thread/INFO]: [@: Summoned new Primed TNT]
[10:33:15] [Server thread/INFO]: [@: Summoned new Primed TNT]
[10:33:15] [Server thread/INFO]: [@: Summoned new Primed TNT]
[10:33:15] [Server thread/INFO]: [@: Summoned new Primed TNT]
[10:33:15] [Server thread/INFO]: [@: Summoned new Primed TNT]
[10:33:15] [Server thread/INFO]: [@: Summoned new Primed TNT]
[10:33:15] [Server thread/INFO]: [@: Summoned new Primed TNT]
[10:33:15] [Server thread/INFO]: [@: Summoned new Primed TNT]
[10:33:15] [Server thread/INFO]: [@: Summoned new Primed TNT]
[10:33:15] [Server thread/INFO]: [@: Summoned new Primed TNT]
[10:33:15] [Server thread/INFO]: [@: Summoned new Primed TNT]
[10:33:15] [Server thread/INFO]: [@: Summoned new Primed TNT]
[10:33:15] [Server thread/INFO]: [@: Summoned new Primed TNT]
[10:33:15] [Server thread/INFO]: [@: Summoned new Primed TNT]
[10:33:16] [Server thread/INFO]: [@: Summoned new Primed TNT]
[10:33:16] [Server thread/INFO]: [@: Summoned new Primed TNT]
[10:33:16] [Server thread/INFO]: [@: Summoned new Primed TNT]
[10:33:16] [Server thread/INFO]: [@: Summoned new Primed TNT]
[10:33:16] [Server thread/INFO]: [@: Summoned new Primed TNT]
[10:33:16] [Server thread/INFO]: [@: Summoned new Primed TNT]
[10:33:16] [Server thread/INFO]: [@: Summoned new Primed TNT]
[10:33:16] [Server thread/INFO]: [@: Summoned new Primed TNT]
[10:33:16] [Server thread/INFO]: [@: Summoned new Primed TNT]
[10:33:16] [Server thread/INFO]: [@: Summoned new Primed TNT]
[10:33:16] [Server thread/INFO]: [@: Summoned new Primed TNT]
[10:33:16] [Server thread/INFO]: [@: Summoned new Primed TNT]
[10:33:16] [Server thread/INFO]: [@: Summoned new Primed TNT]
[10:33:16] [Server thread/INFO]: [@: Summoned new Primed TNT]
[10:33:16] [Server thread/INFO]: [@: Summoned new Primed TNT]
[10:33:16] [Server thread/INFO]: [@: Summoned new Primed TNT]
[10:33:16] [Server thread/INFO]: [@: Summoned new Primed TNT]
[10:33:16] [Server thread/INFO]: [@: Summoned new Primed TNT]
[10:33:16] [Server thread/INFO]: [@: Summoned new Primed TNT]
[10:33:16] [Server thread/INFO]: [@: Summoned new Primed TNT]
[10:33:16] [Server thread/INFO]: [@: Summoned new Primed TNT]
[10:33:16] [Server thread/INFO]: [@: Summoned new Primed TNT]
[10:33:16] [Server thread/INFO]: [@: Summoned new Primed TNT]
[10:33:16] [Server thread/INFO]: [@: Summoned new Primed TNT]
[10:33:16] [Server thread/INFO]: [@: Summoned new Primed TNT]
[10:33:16] [Server thread/INFO]: [@: Summoned new Primed TNT]
[10:33:16] [Server thread/INFO]: [@: Summoned new Primed TNT]
[10:33:16] [Server thread/INFO]: [@: Summoned new Primed TNT]
[10:33:16] [Server thread/INFO]: [@: Summoned new Primed TNT]
[10:33:16] [Server thread/INFO]: [@: Summoned new Primed TNT]
[10:33:16] [Server thread/INFO]: [@: Summoned new Primed TNT]
[10:33:16] [Server thread/INFO]: [@: Summoned new Primed TNT]
[10:33:16] [Server thread/INFO]: [@: Summoned new Primed TNT]
[10:33:16] [Server thread/INFO]: [@: Summoned new Primed TNT]
[10:33:16] [Server thread/INFO]: [@: Summoned new Primed TNT]
[10:33:16] [Server thread/INFO]: [@: Summoned new Primed TNT]
[10:33:16] [Server thread/INFO]: [@: Summoned new Primed TNT]
[10:33:16] [Server thread/INFO]: [@: Summoned new Primed TNT]
[10:33:16] [Server thread/INFO]: [@: Summoned new Primed TNT]
[10:33:16] [Server thread/INFO]: [@: Summoned new Primed TNT]
[10:33:16] [Server thread/INFO]: [@: Summoned new Primed TNT]
[10:33:16] [Server thread/INFO]: [@: Summoned new Primed TNT]
[10:33:16] [Server thread/INFO]: [@: Summoned new Primed TNT]
[10:33:16] [Server thread/INFO]: [@: Summoned new Primed TNT]
[10:33:16] [Server thread/INFO]: [@: Summoned new Primed TNT]
[10:33:16] [Server thread/INFO]: [@: Summoned new Primed TNT]
[10:33:16] [Server thread/INFO]: [@: Summoned new Primed TNT]
[10:33:16] [Server thread/INFO]: [@: Summoned new Primed TNT]
[10:33:16] [Server thread/INFO]: [@: Summoned new Primed TNT]
[10:33:16] [Server thread/INFO]: [@: Summoned new Primed TNT]
[10:33:16] [Server thread/INFO]: [@: Summoned new Primed TNT]
[10:33:16] [Server thread/INFO]: [@: Summoned new Primed TNT]
[10:33:16] [Server thread/INFO]: [@: Summoned new Primed TNT]
[10:33:16] [Server thread/INFO]: [@: Summoned new Primed TNT]
[10:33:16] [Server thread/INFO]: [@: Summoned new Primed TNT]
[10:33:16] [Server thread/INFO]: [@: Summoned new Primed TNT]
[10:33:16] [Server thread/INFO]: [@: Summoned new Primed TNT]
[10:33:16] [Server thread/INFO]: [@: Summoned new Primed TNT]
[10:33:16] [Server thread/INFO]: [@: Summoned new Primed TNT]
[10:33:16] [Server thread/INFO]: [@: Summoned new Primed TNT]
[10:33:16] [Server thread/INFO]: [@: Summoned new Primed TNT]
[10:33:17] [Server thread/INFO]: [@: Summoned new Primed TNT]
[10:33:17] [Server thread/INFO]: [@: Summoned new Primed TNT]
[10:33:17] [Server thread/INFO]: [@: Summoned new Primed TNT]
[10:33:17] [Server thread/INFO]: [@: Summoned new Primed TNT]
[10:33:17] [Server thread/INFO]: [@: Summoned new Primed TNT]
[10:33:17] [Server thread/INFO]: [@: Summoned new Primed TNT]
[10:33:17] [Server thread/INFO]: [@: Summoned new Primed TNT]
[10:33:17] [Server thread/INFO]: [@: Summoned new Primed TNT]
[10:33:17] [Server thread/INFO]: [@: Summoned new Primed TNT]
[10:33:17] [Server thread/INFO]: [@: Summoned new Primed TNT]
[10:33:17] [Server thread/INFO]: [@: Summoned new Primed TNT]
[10:33:17] [Server thread/INFO]: [@: Summoned new Primed TNT]
[10:33:17] [Server thread/INFO]: [@: Summoned new Primed TNT]
[10:33:17] [Server thread/INFO]: [@: Summoned new Primed TNT]
[10:33:17] [Server thread/INFO]: [@: Summoned new Primed TNT]
[10:33:17] [Server thread/INFO]: [@: Summoned new Primed TNT]
[10:33:17] [Server thread/INFO]: [@: Summoned new Primed TNT]
[10:33:17] [Server thread/INFO]: [@: Summoned new Primed TNT]
[10:33:17] [Server thread/INFO]: [@: Summoned new Primed TNT]
[10:33:17] [Server thread/INFO]: [@: Summoned new Primed TNT]
[10:33:17] [Server thread/INFO]: [@: Summoned new Primed TNT]
[10:33:17] [Server thread/INFO]: [@: Summoned new Primed TNT]
[10:33:17] [Server thread/INFO]: [@: Summoned new Primed TNT]
[10:33:17] [Server thread/INFO]: [@: Summoned new Primed TNT]
[10:33:17] [Server thread/INFO]: [@: Summoned new Primed TNT]
[10:33:17] [Server thread/INFO]: [@: Summoned new Primed TNT]
[10:33:17] [Server thread/INFO]: [@: Summoned new Primed TNT]
[10:33:17] [Server thread/INFO]: [@: Summoned new Primed TNT]
[10:33:17] [Server thread/INFO]: [@: Summoned new Primed TNT]
[10:33:17] [Server thread/INFO]: [@: Summoned new Primed TNT]
[10:33:17] [Server thread/INFO]: [@: Summoned new Primed TNT]
[10:33:17] [Server thread/INFO]: [@: Summoned new Primed TNT]
[10:33:17] [Server thread/INFO]: [@: Summoned new Primed TNT]
[10:33:17] [Server thread/INFO]: [@: Summoned new Primed TNT]
[10:33:17] [Server thread/INFO]: [@: Summoned new Primed TNT]
[10:33:17] [Server thread/INFO]: [@: Summoned new Primed TNT]
[10:33:17] [Server thread/INFO]: [@: Summoned new Primed TNT]
[10:33:17] [Server thread/INFO]: [@: Summoned new Primed TNT]
[10:33:17] [Server thread/INFO]: [@: Summoned new Primed TNT]
[10:33:17] [Server thread/INFO]: [@: Summoned new Primed TNT]
[10:33:17] [Server thread/INFO]: [@: Summoned new Primed TNT]
[10:33:17] [Server thread/INFO]: [@: Summoned new Primed TNT]
[10:33:17] [Server thread/INFO]: [@: Summoned new Primed TNT]
[10:33:17] [Server thread/INFO]: [@: Summoned new Primed TNT]
[10:33:17] [Server thread/INFO]: [@: Summoned new Primed TNT]
[10:33:17] [Server thread/INFO]: [@: Summoned new Primed TNT]
[10:33:17] [Server thread/INFO]: [@: Summoned new Primed TNT]
[10:33:17] [Server thread/INFO]: [@: Summoned new Primed TNT]
[10:33:17] [Server thread/INFO]: [@: Summoned new Primed TNT]
[10:33:17] [Server thread/INFO]: [@: Summoned new Primed TNT]
[10:33:17] [Server thread/INFO]: [@: Summoned new Primed TNT]
[10:33:17] [Server thread/INFO]: [@: Summoned new Primed TNT]
[10:33:17] [Server thread/INFO]: [@: Summoned new Primed TNT]
[10:33:17] [Server thread/INFO]: [@: Summoned new Primed TNT]
[10:33:17] [Server thread/INFO]: [@: Summoned new Primed TNT]
[10:33:17] [Server thread/INFO]: [@: Summoned new Primed TNT]
[10:33:17] [Server thread/INFO]: [@: Summoned new Primed TNT]
[10:33:17] [Server thread/INFO]: [@: Summoned new Primed TNT]
[10:33:17] [Server thread/INFO]: [@: Summoned new Primed TNT]
[10:33:17] [Server thread/INFO]: [@: Summoned new Primed TNT]
[10:33:17] [Server thread/INFO]: [@: Summoned new Primed TNT]
[10:33:18] [Server thread/INFO]: [@: Summoned new Primed TNT]
[10:33:18] [Server thread/INFO]: [@: Summoned new Primed TNT]
[10:33:18] [Server thread/INFO]: [@: Summoned new Primed TNT]
[10:33:18] [Server thread/INFO]: [@: Summoned new Primed TNT]
[10:33:18] [Server thread/INFO]: [@: Summoned new Primed TNT]
[10:33:18] [Server thread/INFO]: [@: Summoned new Primed TNT]
[10:33:18] [Server thread/INFO]: [@: Summoned new Primed TNT]
[10:33:18] [Server thread/INFO]: [@: Summoned new Primed TNT]
[10:33:18] [Server thread/INFO]: [@: Summoned new Primed TNT]
[10:33:18] [Server thread/INFO]: [@: Summoned new Primed TNT]
[10:33:18] [Server thread/INFO]: [@: Summoned new Primed TNT]
[10:33:18] [Server thread/INFO]: [@: Summoned new Primed TNT]
[10:33:18] [Server thread/INFO]: [@: Summoned new Primed TNT]
[10:33:18] [Server thread/INFO]: [@: Summoned new Primed TNT]
[10:33:18] [Server thread/INFO]: [@: Summoned new Primed TNT]
[10:33:18] [Server thread/INFO]: [@: Summoned new Primed TNT]
[10:33:18] [Server thread/INFO]: [@: Summoned new Primed TNT]
[10:33:18] [Server thread/INFO]: [@: Summoned new Primed TNT]
[10:33:18] [Server thread/INFO]: [@: Summoned new Primed TNT]
[10:33:18] [Server thread/INFO]: [@: Summoned new Primed TNT]
[10:33:18] [Server thread/INFO]: [@: Summoned new Primed TNT]
[10:33:18] [Server thread/INFO]: [@: Summoned new Primed TNT]
[10:33:18] [Server thread/INFO]: [@: Summoned new Primed TNT]
[10:33:18] [Server thread/INFO]: [@: Summoned new Primed TNT]
[10:33:18] [Server thread/INFO]: [@: Summoned new Primed TNT]
[10:33:18] [Server thread/INFO]: [@: Summoned new Primed TNT]
[10:33:18] [Server thread/INFO]: [@: Summoned new Primed TNT]
[10:33:18] [Server thread/INFO]: [@: Summoned new Primed TNT]
[10:33:18] [Server thread/INFO]: [@: Summoned new Primed TNT]
[10:33:18] [Server thread/INFO]: [@: Summoned new Primed TNT]
[10:33:18] [Server thread/INFO]: [@: Summoned new Primed TNT]
[10:33:18] [Server thread/INFO]: [@: Summoned new Primed TNT]
[10:33:19] [Server thread/INFO]: [@: Summoned new Primed TNT]
[10:33:19] [Server thread/INFO]: [@: Summoned new Primed TNT]
[10:33:19] [Server thread/INFO]: [@: Summoned new Primed TNT]
[10:33:19] [Server thread/INFO]: [@: Summoned new Primed TNT]
[10:33:19] [Server thread/INFO]: [@: Summoned new Primed TNT]
[10:33:19] [Server thread/INFO]: [@: Summoned new Primed TNT]
[10:33:19] [Server thread/INFO]: [@: Summoned new Primed TNT]
[10:33:19] [Server thread/INFO]: [@: Summoned new Primed TNT]
[10:33:19] [Server thread/INFO]: [@: Summoned new Primed TNT]
[10:33:19] [Server thread/INFO]: [@: Summoned new Primed TNT]
[10:33:19] [Server thread/INFO]: [@: Summoned new Primed TNT]
[10:33:19] [Server thread/INFO]: [@: Summoned new Primed TNT]
[10:33:19] [Server thread/INFO]: [@: Summoned new Primed TNT]
[10:33:19] [Server thread/INFO]: [@: Summoned new Primed TNT]
[10:33:19] [Server thread/INFO]: [@: Summoned new Primed TNT]
[10:33:19] [Server thread/INFO]: [@: Summoned new Primed TNT]
[10:33:19] [Server thread/INFO]: [@: Summoned new Primed TNT]
[10:33:19] [Server thread/INFO]: [@: Summoned new Primed TNT]
[10:33:19] [Server thread/INFO]: [@: Summoned new Primed TNT]
[10:33:19] [Server thread/INFO]: [@: Summoned new Primed TNT]
[10:33:20] [Server thread/INFO]: [@: Summoned new Primed TNT]
[10:33:20] [Server thread/INFO]: [@: Summoned new Primed TNT]
[10:33:20] [Server thread/INFO]: [@: Summoned new Primed TNT]
[10:33:22] [Server thread/INFO]: [@: Summoned new Primed TNT]
[10:33:22] [Server thread/INFO]: [@: Summoned new Primed TNT]
[10:33:22] [Server thread/INFO]: [@: Summoned new Primed TNT]
[10:33:22] [Server thread/INFO]: [@: Summoned new Primed TNT]
[10:33:22] [Server thread/INFO]: [@: Summoned new Primed TNT]
[10:33:22] [Server thread/INFO]: [@: Summoned new Primed TNT]
[10:33:23] [Server thread/INFO]: [@: Summoned new Primed TNT]
[10:33:23] [Server thread/INFO]: [@: Summoned new Primed TNT]
[10:33:23] [Server thread/INFO]: [@: Summoned new Primed TNT]
[10:33:23] [Server thread/INFO]: [@: Summoned new Primed TNT]
[10:33:23] [Server thread/INFO]: [@: Summoned new Primed TNT]
[10:33:23] [Server thread/INFO]: [@: Summoned new Primed TNT]
[10:33:23] [Server thread/INFO]: [@: Summoned new Primed TNT]
[10:33:23] [Server thread/INFO]: [@: Summoned new Primed TNT]
[10:33:23] [Server thread/INFO]: [@: Summoned new Primed TNT]
[10:33:23] [Server thread/INFO]: [@: Summoned new Primed TNT]
[10:33:23] [Server thread/INFO]: [@: Summoned new Primed TNT]
[10:33:23] [Server thread/INFO]: [@: Summoned new Primed TNT]
[10:33:23] [Server thread/INFO]: [@: Summoned new Primed TNT]
[10:33:23] [Server thread/INFO]: [@: Summoned new Primed TNT]
[10:33:23] [Server thread/INFO]: [@: Summoned new Primed TNT]
[10:33:23] [Server thread/INFO]: [@: Summoned new Primed TNT]
[10:33:23] [Server thread/INFO]: [@: Summoned new Primed TNT]
[10:33:23] [Server thread/INFO]: [@: Summoned new Primed TNT]
[10:33:23] [Server thread/INFO]: [@: Summoned new Primed TNT]
[10:33:23] [Server thread/INFO]: [@: Summoned new Primed TNT]
[10:33:23] [Server thread/INFO]: [@: Summoned new Primed TNT]
[10:33:23] [Server thread/INFO]: [@: Summoned new Primed TNT]
[10:33:23] [Server thread/INFO]: [@: Summoned new Primed TNT]
[10:33:23] [Server thread/INFO]: [@: Summoned new Primed TNT]
[10:33:23] [Server thread/INFO]: [@: Summoned new Primed TNT]
[10:33:23] [Server thread/INFO]: [@: Summoned new Primed TNT]
[10:33:23] [Server thread/INFO]: [@: Summoned new Primed TNT]
[10:33:24] [Server thread/INFO]: [@: Summoned new Primed TNT]
[10:33:24] [Server thread/INFO]: [@: Summoned new Primed TNT]
[10:33:24] [Server thread/INFO]: [@: Summoned new Primed TNT]
[10:33:24] [Server thread/INFO]: [@: Summoned new Primed TNT]
[10:33:24] [Server thread/INFO]: [@: Summoned new Primed TNT]
[10:33:24] [Server thread/INFO]: [@: Summoned new Primed TNT]
[10:33:24] [Server thread/INFO]: [@: Summoned new Primed TNT]
[10:33:24] [Server thread/INFO]: [@: Summoned new Primed TNT]
[10:33:24] [Server thread/INFO]: [@: Summoned new Primed TNT]
[10:33:24] [Server thread/INFO]: [@: Summoned new Primed TNT]
[10:33:24] [Server thread/INFO]: [@: Summoned new Primed TNT]
[10:33:24] [Server thread/INFO]: [@: Summoned new Primed TNT]
[10:33:24] [Server thread/INFO]: [@: Summoned new Primed TNT]
[10:33:24] [Server thread/INFO]: [@: Summoned new Primed TNT]
[10:33:24] [Server thread/INFO]: [@: Summoned new Primed TNT]
[10:33:24] [Server thread/INFO]: [@: Summoned new Primed TNT]
[10:33:24] [Server thread/INFO]: [@: Summoned new Primed TNT]
[10:33:24] [Server thread/INFO]: [@: Summoned new Primed TNT]
[10:33:24] [Server thread/INFO]: [@: Summoned new Primed TNT]
[10:33:24] [Server thread/INFO]: [@: Summoned new Primed TNT]
[10:33:24] [Server thread/INFO]: [@: Summoned new Primed TNT]
[10:33:24] [Server thread/INFO]: [@: Summoned new Primed TNT]
[10:33:24] [Server thread/INFO]: [@: Summoned new Primed TNT]
[10:33:24] [Server thread/INFO]: [@: Summoned new Primed TNT]
[10:33:24] [Server thread/INFO]: [@: Summoned new Primed TNT]
[10:33:24] [Server thread/INFO]: [@: Summoned new Primed TNT]
[10:33:24] [Server thread/INFO]: [@: Summoned new Primed TNT]
[10:33:24] [Server thread/INFO]: [@: Summoned new Primed TNT]
[10:33:24] [Server thread/INFO]: [@: Summoned new Primed TNT]
[10:33:24] [Server thread/INFO]: [@: Summoned new Primed TNT]
[10:33:24] [Server thread/INFO]: [@: Summoned new Primed TNT]
[10:33:24] [Server thread/INFO]: [@: Summoned new Primed TNT]
[10:33:24] [Server thread/INFO]: [@: Summoned new Primed TNT]
[10:33:24] [Server thread/INFO]: [@: Summoned new Primed TNT]
[10:33:24] [Server thread/INFO]: [@: Summoned new Primed TNT]
[10:33:24] [Server thread/INFO]: [@: Summoned new Primed TNT]
[10:33:24] [Server thread/INFO]: [@: Summoned new Primed TNT]
[10:33:24] [Server thread/INFO]: [@: Summoned new Primed TNT]
[10:33:24] [Server thread/INFO]: [@: Summoned new Primed TNT]
[10:33:25] [Server thread/INFO]: [@: Summoned new Primed TNT]
[10:33:25] [Server thread/INFO]: [@: Summoned new Primed TNT]
[10:33:25] [Server thread/INFO]: [@: Summoned new Primed TNT]
[10:33:25] [Server thread/INFO]: [@: Summoned new Primed TNT]
[10:33:25] [Server thread/INFO]: [@: Summoned new Primed TNT]
[10:33:25] [Server thread/INFO]: [@: Summoned new Primed TNT]
[10:33:25] [Server thread/INFO]: [@: Summoned new Primed TNT]
[10:33:25] [Server thread/INFO]: [@: Summoned new Primed TNT]
[10:33:25] [Server thread/INFO]: [@: Summoned new Primed TNT]
[10:33:25] [Server thread/INFO]: [@: Summoned new Primed TNT]
[10:33:25] [Server thread/INFO]: [@: Summoned new Primed TNT]
[10:33:25] [Server thread/INFO]: [@: Summoned new Primed TNT]
[10:33:25] [Server thread/INFO]: [@: Summoned new Primed TNT]
[10:33:25] [Server thread/INFO]: [@: Summoned new Primed TNT]
[10:33:25] [Server thread/INFO]: [@: Summoned new Primed TNT]
[10:33:25] [Server thread/INFO]: [@: Summoned new Primed TNT]
[10:33:25] [Server thread/INFO]: [@: Summoned new Primed TNT]
[10:33:25] [Server thread/INFO]: [@: Summoned new Primed TNT]
[10:33:25] [Server thread/INFO]: [@: Summoned new Primed TNT]
[10:33:25] [Server thread/INFO]: [@: Summoned new Primed TNT]
[10:33:25] [Server thread/INFO]: [@: Summoned new Primed TNT]
[10:33:25] [Server thread/INFO]: [@: Summoned new Primed TNT]
[10:33:25] [Server thread/INFO]: [@: Summoned new Primed TNT]
[10:33:25] [Server thread/INFO]: [@: Summoned new Primed TNT]
[10:33:25] [Server thread/INFO]: [@: Summoned new Primed TNT]
[10:33:25] [Server thread/INFO]: [@: Summoned new Primed TNT]
[10:33:25] [Server thread/INFO]: [@: Summoned new Primed TNT]
[10:33:25] [Server thread/INFO]: [@: Summoned new Primed TNT]
[10:33:25] [Server thread/INFO]: [@: Summoned new Primed TNT]
[10:33:25] [Server thread/INFO]: [@: Summoned new Primed TNT]
[10:33:25] [Server thread/INFO]: [@: Summoned new Primed TNT]
[10:33:25] [Server thread/INFO]: [@: Summoned new Primed TNT]
[10:33:25] [Server thread/INFO]: [@: Summoned new Primed TNT]
[10:33:25] [Server thread/INFO]: [@: Summoned new Primed TNT]
[10:33:25] [Server thread/INFO]: [@: Summoned new Primed TNT]
[10:33:25] [Server thread/INFO]: [@: Summoned new Primed TNT]
[10:33:25] [Server thread/INFO]: [@: Summoned new Primed TNT]
[10:33:25] [Server thread/INFO]: [@: Summoned new Primed TNT]
[10:33:25] [Server thread/INFO]: [@: Summoned new Primed TNT]
[10:33:25] [Server thread/INFO]: [@: Summoned new Primed TNT]
[10:33:25] [Server thread/INFO]: [@: Summoned new Primed TNT]
[10:33:26] [Server thread/INFO]: [@: Summoned new Primed TNT]
[10:33:26] [Server thread/INFO]: [@: Summoned new Primed TNT]
[10:33:26] [Server thread/INFO]: [@: Summoned new Primed TNT]
[10:33:26] [Server thread/INFO]: [@: Summoned new Primed TNT]
[10:33:26] [Server thread/INFO]: [@: Summoned new Primed TNT]
[10:33:26] [Server thread/INFO]: [@: Summoned new Primed TNT]
[10:33:26] [Server thread/INFO]: [@: Summoned new Primed TNT]
[10:33:26] [Server thread/INFO]: [@: Summoned new Primed TNT]
[10:33:26] [Server thread/INFO]: [@: Summoned new Primed TNT]
[10:33:26] [Server thread/INFO]: [@: Summoned new Primed TNT]
[10:33:26] [Server thread/INFO]: [@: Summoned new Primed TNT]
[10:33:26] [Server thread/INFO]: [@: Summoned new Primed TNT]
[10:33:26] [Server thread/INFO]: [@: Summoned new Primed TNT]
[10:33:26] [Server thread/INFO]: [@: Summoned new Primed TNT]
[10:33:26] [Server thread/INFO]: [@: Summoned new Primed TNT]
[10:33:26] [Server thread/INFO]: [@: Summoned new Primed TNT]
[10:33:26] [Server thread/INFO]: [@: Summoned new Primed TNT]
[10:33:26] [Server thread/INFO]: [@: Summoned new Primed TNT]
[10:33:26] [Server thread/INFO]: [@: Summoned new Primed TNT]
[10:33:26] [Server thread/INFO]: [@: Summoned new Primed TNT]
[10:33:27] [Server thread/INFO]: [@: Summoned new Primed TNT]
[10:33:27] [Server thread/INFO]: [@: Summoned new Primed TNT]
[10:33:27] [Server thread/INFO]: [@: Summoned new Primed TNT]
[10:33:27] [Server thread/INFO]: [@: Summoned new Primed TNT]
[10:33:27] [Server thread/INFO]: [@: Summoned new Primed TNT]
[10:33:27] [Server thread/INFO]: [@: Summoned new Primed TNT]
[10:33:27] [Server thread/INFO]: [@: Summoned new Primed TNT]
[10:33:27] [Server thread/INFO]: [@: Summoned new Primed TNT]
[10:33:27] [Server thread/INFO]: [@: Summoned new Primed TNT]
[10:33:27] [Server thread/INFO]: [@: Summoned new Primed TNT]
[10:33:27] [Server thread/INFO]: [@: Summoned new Primed TNT]
[10:33:27] [Server thread/INFO]: [@: Summoned new Primed TNT]
[10:33:27] [Server thread/INFO]: [@: Summoned new Primed TNT]
[10:33:27] [Server thread/INFO]: [@: Summoned new Primed TNT]
[10:33:27] [Server thread/INFO]: [@: Summoned new Primed TNT]
[10:33:27] [Server thread/INFO]: [@: Summoned new Primed TNT]
[10:33:27] [Server thread/INFO]: [@: Summoned new Primed TNT]
[10:33:27] [Server thread/INFO]: [@: Summoned new Primed TNT]
[10:33:27] [Server thread/INFO]: [@: Summoned new Primed TNT]
[10:33:27] [Server thread/INFO]: [@: Summoned new Primed TNT]
[10:33:28] [Server thread/INFO]: [@: Summoned new Primed TNT]
[10:33:28] [Server thread/INFO]: [@: Summoned new Primed TNT]
[10:33:28] [Server thread/INFO]: [@: Summoned new Primed TNT]
[10:33:28] [Server thread/INFO]: [@: Summoned new Primed TNT]
[10:33:28] [Server thread/INFO]: [@: Summoned new Primed TNT]
[10:33:28] [Server thread/INFO]: [@: Summoned new Primed TNT]
[10:33:28] [Server thread/INFO]: [@: Summoned new Primed TNT]
[10:33:28] [Server thread/INFO]: [@: Summoned new Primed TNT]
[10:33:28] [Server thread/INFO]: [@: Summoned new Primed TNT]
[10:33:28] [Server thread/INFO]: [@: Summoned new Primed TNT]
[10:33:28] [Server thread/INFO]: [@: Summoned new Primed TNT]
[10:33:28] [Server thread/INFO]: [@: Summoned new Primed TNT]
[10:33:28] [Server thread/INFO]: [@: Summoned new Primed TNT]
[10:33:28] [Server thread/INFO]: [@: Summoned new Primed TNT]
[10:33:28] [Server thread/INFO]: [@: Summoned new Primed TNT]
[10:33:28] [Server thread/INFO]: [@: Summoned new Primed TNT]
[10:33:28] [Server thread/INFO]: [@: Summoned new Primed TNT]
[10:33:28] [Server thread/INFO]: [@: Summoned new Primed TNT]
[10:33:28] [Server thread/INFO]: [@: Summoned new Primed TNT]
[10:33:28] [Server thread/INFO]: [@: Summoned new Primed TNT]
[10:33:29] [Server thread/INFO]: [@: Summoned new Primed TNT]
[10:33:29] [Server thread/INFO]: [@: Summoned new Primed TNT]
[10:33:29] [Server thread/INFO]: [@: Summoned new Primed TNT]
[10:33:29] [Server thread/INFO]: [@: Summoned new Primed TNT]
[10:33:29] [Server thread/INFO]: [@: Summoned new Primed TNT]
[10:33:29] [Server thread/INFO]: [@: Summoned new Primed TNT]
[10:33:29] [Server thread/INFO]: [@: Summoned new Primed TNT]
[10:33:29] [Server thread/INFO]: [@: Summoned new Primed TNT]
[10:33:29] [Server thread/INFO]: [@: Summoned new Primed TNT]
[10:33:29] [Server thread/INFO]: [@: Summoned new Primed TNT]
[10:33:29] [Server thread/INFO]: [@: Summoned new Primed TNT]
[10:33:29] [Server thread/INFO]: [@: Summoned new Primed TNT]
[10:33:29] [Server thread/INFO]: [@: Summoned new Primed TNT]
[10:33:29] [Server thread/INFO]: [@: Summoned new Primed TNT]
[10:33:29] [Server thread/INFO]: [@: Summoned new Primed TNT]
[10:33:29] [Server thread/INFO]: [@: Summoned new Primed TNT]
[10:33:29] [Server thread/INFO]: [@: Summoned new Primed TNT]
[10:33:29] [Server thread/INFO]: [@: Summoned new Primed TNT]
[10:33:29] [Server thread/INFO]: [@: Summoned new Primed TNT]
[10:33:29] [Server thread/INFO]: [@: Summoned new Primed TNT]
[10:33:30] [Server thread/INFO]: [@: Summoned new Primed TNT]
[10:33:30] [Server thread/INFO]: [@: Summoned new Primed TNT]
[10:33:30] [Server thread/INFO]: [@: Summoned new Primed TNT]
[10:33:30] [Server thread/INFO]: [@: Summoned new Primed TNT]
[10:33:30] [Server thread/INFO]: [@: Summoned new Primed TNT]
[10:33:30] [Server thread/INFO]: [@: Summoned new Primed TNT]
[10:33:30] [Server thread/INFO]: [@: Summoned new Primed TNT]
[10:33:30] [Server thread/INFO]: [@: Summoned new Primed TNT]
[10:33:30] [Server thread/INFO]: [@: Summoned new Primed TNT]
[10:33:30] [Server thread/INFO]: [@: Summoned new Primed TNT]
[10:33:30] [Server thread/INFO]: [@: Summoned new Primed TNT]
[10:33:30] [Server thread/INFO]: [@: Summoned new Primed TNT]
[10:33:30] [Server thread/INFO]: [@: Summoned new Primed TNT]
[10:33:30] [Server thread/INFO]: [@: Summoned new Primed TNT]
[10:33:30] [Server thread/INFO]: [@: Summoned new Primed TNT]
[10:33:30] [Server thread/INFO]: [@: Summoned new Primed TNT]
[10:33:30] [Server thread/INFO]: [@: Summoned new Primed TNT]
[10:33:30] [Server thread/INFO]: [@: Summoned new Primed TNT]
[10:33:30] [Server thread/INFO]: [@: Summoned new Primed TNT]
[10:33:30] [Server thread/INFO]: [@: Summoned new Primed TNT]
[10:33:31] [Server thread/INFO]: [@: Summoned new Primed TNT]
[10:33:31] [Server thread/INFO]: [@: Summoned new Primed TNT]
[10:33:31] [Server thread/INFO]: [@: Summoned new Primed TNT]
[10:33:31] [Server thread/INFO]: [@: Summoned new Primed TNT]
[10:33:31] [Server thread/INFO]: [@: Summoned new Primed TNT]
[10:33:31] [Server thread/INFO]: [@: Summoned new Primed TNT]
[10:33:31] [Server thread/INFO]: [@: Summoned new Primed TNT]
[10:33:31] [Server thread/INFO]: [@: Summoned new Primed TNT]
[10:33:31] [Server thread/INFO]: [@: Summoned new Primed TNT]
[10:33:31] [Server thread/INFO]: [@: Summoned new Primed TNT]
[10:33:31] [Server thread/INFO]: [@: Summoned new Primed TNT]
[10:33:31] [Server thread/INFO]: [@: Summoned new Primed TNT]
[10:33:31] [Server thread/INFO]: [@: Summoned new Primed TNT]
[10:33:31] [Server thread/INFO]: [@: Summoned new Primed TNT]
[10:33:31] [Server thread/INFO]: [@: Summoned new Primed TNT]
[10:33:31] [Server thread/INFO]: [@: Summoned new Primed TNT]
[10:33:31] [Server thread/INFO]: [@: Summoned new Primed TNT]
[10:33:31] [Server thread/INFO]: [@: Summoned new Primed TNT]
[10:33:31] [Server thread/INFO]: [@: Summoned new Primed TNT]
[10:33:31] [Server thread/INFO]: [@: Summoned new Primed TNT]
[10:33:32] [Server thread/INFO]: [@: Summoned new Primed TNT]
[10:33:32] [Server thread/INFO]: [@: Summoned new Primed TNT]
[10:33:32] [Server thread/INFO]: [@: Summoned new Primed TNT]
[10:33:32] [Server thread/INFO]: [@: Summoned new Primed TNT]
[10:33:32] [Server thread/INFO]: [@: Summoned new Primed TNT]
[10:33:32] [Server thread/INFO]: [@: Summoned new Primed TNT]
[10:33:32] [Server thread/INFO]: [@: Summoned new Primed TNT]
[10:33:32] [Server thread/INFO]: [@: Summoned new Primed TNT]
[10:33:32] [Server thread/INFO]: [@: Summoned new Primed TNT]
[10:33:32] [Server thread/INFO]: [@: Summoned new Primed TNT]
[10:33:32] [Server thread/INFO]: [@: Summoned new Primed TNT]
[10:33:32] [Server thread/INFO]: [@: Summoned new Primed TNT]
[10:33:32] [Server thread/INFO]: [@: Summoned new Primed TNT]
[10:33:32] [Server thread/INFO]: [@: Summoned new Primed TNT]
[10:33:32] [Server thread/INFO]: [@: Summoned new Primed TNT]
[10:33:32] [Server thread/INFO]: [@: Summoned new Primed TNT]
[10:33:32] [Server thread/INFO]: [@: Summoned new Primed TNT]
[10:33:32] [Server thread/INFO]: [@: Summoned new Primed TNT]
[10:33:32] [Server thread/INFO]: [@: Summoned new Primed TNT]
[10:33:32] [Server thread/INFO]: [@: Summoned new Primed TNT]
[10:33:33] [Server thread/INFO]: [@: Summoned new Primed TNT]
[10:33:33] [Server thread/INFO]: [@: Summoned new Primed TNT]
[10:33:33] [Server thread/INFO]: [@: Summoned new Primed TNT]
[10:33:33] [Server thread/INFO]: [@: Summoned new Primed TNT]
[10:33:33] [Server thread/INFO]: [@: Summoned new Primed TNT]
[10:33:33] [Server thread/INFO]: [@: Summoned new Primed TNT]
[10:33:33] [Server thread/INFO]: [@: Summoned new Primed TNT]
[10:33:33] [Server thread/INFO]: [@: Summoned new Primed TNT]
[10:33:33] [Server thread/INFO]: [@: Summoned new Primed TNT]
[10:33:33] [Server thread/INFO]: [@: Summoned new Primed TNT]
[10:33:33] [Server thread/INFO]: [@: Summoned new Primed TNT]
[10:33:33] [Server thread/INFO]: [@: Summoned new Primed TNT]
[10:33:33] [Server thread/INFO]: [@: Summoned new Primed TNT]
[10:33:33] [Server thread/INFO]: [@: Summoned new Primed TNT]
[10:33:33] [Server thread/INFO]: [@: Summoned new Primed TNT]
[10:33:33] [Server thread/INFO]: [@: Summoned new Primed TNT]
[10:33:33] [Server thread/INFO]: [@: Summoned new Primed TNT]
[10:33:33] [Server thread/INFO]: [@: Summoned new Primed TNT]
[10:33:33] [Server thread/INFO]: [@: Summoned new Primed TNT]
[10:33:33] [Server thread/INFO]: [@: Summoned new Primed TNT]
[10:33:34] [Server thread/INFO]: [@: Summoned new Primed TNT]
[10:33:34] [Server thread/INFO]: [@: Summoned new Primed TNT]
[10:33:34] [Server thread/INFO]: [@: Summoned new Primed TNT]
[10:33:34] [Server thread/INFO]: [@: Summoned new Primed TNT]
[10:33:34] [Server thread/INFO]: [@: Summoned new Primed TNT]
[10:33:34] [Server thread/INFO]: [@: Summoned new Primed TNT]
[10:33:34] [Server thread/INFO]: [@: Summoned new Primed TNT]
[10:33:34] [Server thread/INFO]: [@: Summoned new Primed TNT]
[10:33:34] [Server thread/INFO]: [@: Summoned new Primed TNT]
[10:33:34] [Server thread/INFO]: [@: Summoned new Primed TNT]
[10:33:34] [Server thread/INFO]: [@: Summoned new Primed TNT]
[10:33:34] [Server thread/INFO]: [@: Summoned new Primed TNT]
[10:33:34] [Server thread/INFO]: [@: Summoned new Primed TNT]
[10:33:34] [Server thread/INFO]: [@: Summoned new Primed TNT]
[10:33:34] [Server thread/INFO]: [@: Summoned new Primed TNT]
[10:33:34] [Server thread/INFO]: [@: Summoned new Primed TNT]
[10:33:34] [Server thread/INFO]: [@: Summoned new Primed TNT]
[10:33:34] [Server thread/INFO]: [@: Summoned new Primed TNT]
[10:33:34] [Server thread/INFO]: [@: Summoned new Primed TNT]
[10:33:35] [Server thread/INFO]: [@: Summoned new Primed TNT]
[10:33:35] [Server thread/INFO]: [@: Summoned new Primed TNT]
[10:33:35] [Server thread/INFO]: [@: Summoned new Primed TNT]
[10:33:35] [Server thread/INFO]: [@: Summoned new Primed TNT]
[10:33:35] [Server thread/INFO]: [@: Summoned new Primed TNT]
[10:33:35] [Server thread/INFO]: [@: Summoned new Primed TNT]
[10:33:35] [Server thread/INFO]: [@: Summoned new Primed TNT]
[10:33:35] [Server thread/INFO]: [@: Summoned new Primed TNT]
[10:33:35] [Server thread/INFO]: [@: Summoned new Primed TNT]
[10:33:35] [Server thread/INFO]: [@: Summoned new Primed TNT]
[10:33:35] [Server thread/INFO]: [@: Summoned new Primed TNT]
[10:33:35] [Server thread/INFO]: [@: Summoned new Primed TNT]
[10:33:35] [Server thread/INFO]: [@: Summoned new Primed TNT]
[10:33:35] [Server thread/INFO]: [@: Summoned new Primed TNT]
[10:33:35] [Server thread/INFO]: [@: Summoned new Primed TNT]
[10:33:35] [Server thread/INFO]: [@: Summoned new Primed TNT]
[10:33:35] [Server thread/INFO]: [@: Summoned new Primed TNT]
[10:33:35] [Server thread/INFO]: [@: Summoned new Primed TNT]
[10:33:35] [Server thread/INFO]: [@: Summoned new Primed TNT]
[10:33:35] [Server thread/INFO]: [@: Summoned new Primed TNT]
[10:33:35] [Server thread/INFO]: [@: Summoned new Primed TNT]
[10:33:36] [Server thread/INFO]: [@: Summoned new Primed TNT]
[10:33:36] [Server thread/INFO]: [@: Summoned new Primed TNT]
[10:33:36] [Server thread/INFO]: [@: Summoned new Primed TNT]
[10:33:36] [Server thread/INFO]: [@: Summoned new Primed TNT]
[10:33:36] [Server thread/INFO]: [@: Summoned new Primed TNT]
[10:33:36] [Server thread/INFO]: [@: Summoned new Primed TNT]
[10:33:36] [Server thread/INFO]: [@: Summoned new Primed TNT]
[10:33:36] [Server thread/INFO]: [@: Summoned new Primed TNT]
[10:33:36] [Server thread/INFO]: [@: Summoned new Primed TNT]
[10:33:36] [Server thread/INFO]: [@: Summoned new Primed TNT]
[10:33:36] [Server thread/INFO]: [@: Summoned new Primed TNT]
[10:33:36] [Server thread/INFO]: [@: Summoned new Primed TNT]
[10:33:36] [Server thread/INFO]: [@: Summoned new Primed TNT]
[10:33:36] [Server thread/INFO]: [@: Summoned new Primed TNT]
[10:33:36] [Server thread/INFO]: [@: Summoned new Primed TNT]
[10:33:36] [Server thread/INFO]: [@: Summoned new Primed TNT]
[10:33:36] [Server thread/INFO]: [@: Summoned new Primed TNT]
[10:33:36] [Server thread/INFO]: [@: Summoned new Primed TNT]
[10:33:36] [Server thread/INFO]: [@: Summoned new Primed TNT]
[10:33:36] [Server thread/INFO]: [@: Summoned new Primed TNT]
[10:33:37] [Server thread/INFO]: [@: Summoned new Primed TNT]
[10:33:37] [Server thread/INFO]: [@: Summoned new Primed TNT]
[10:33:37] [Server thread/INFO]: [@: Summoned new Primed TNT]
[10:33:37] [Server thread/INFO]: [@: Summoned new Primed TNT]
[10:33:37] [Server thread/INFO]: [@: Summoned new Primed TNT]
[10:33:37] [Server thread/INFO]: [@: Summoned new Primed TNT]
[10:33:37] [Server thread/INFO]: [@: Summoned new Primed TNT]
[10:33:37] [Server thread/INFO]: [@: Summoned new Primed TNT]
[10:33:37] [Server thread/INFO]: [@: Summoned new Primed TNT]
[10:33:37] [Server thread/INFO]: [@: Summoned new Primed TNT]
[10:33:37] [Server thread/INFO]: [@: Summoned new Primed TNT]
[10:33:37] [Server thread/INFO]: [@: Summoned new Primed TNT]
[10:33:37] [Server thread/INFO]: [@: Summoned new Primed TNT]
[10:33:37] [Server thread/INFO]: [@: Summoned new Primed TNT]
[10:33:37] [Server thread/INFO]: [@: Summoned new Primed TNT]
[10:33:37] [Server thread/INFO]: [@: Summoned new Primed TNT]
[10:33:37] [Server thread/INFO]: [@: Summoned new Primed TNT]
[10:33:37] [Server thread/INFO]: [@: Summoned new Primed TNT]
[10:33:37] [Server thread/INFO]: [@: Summoned new Primed TNT]
[10:33:37] [Server thread/INFO]: [@: Summoned new Primed TNT]
[10:33:38] [Server thread/INFO]: [@: Summoned new Primed TNT]
[10:33:38] [Server thread/INFO]: [@: Summoned new Primed TNT]
[10:33:38] [Server thread/INFO]: [@: Summoned new Primed TNT]
[10:33:38] [Server thread/INFO]: [@: Summoned new Primed TNT]
[10:33:38] [Server thread/INFO]: [@: Summoned new Primed TNT]
[10:33:38] [Server thread/INFO]: [@: Summoned new Primed TNT]
[10:33:38] [Server thread/INFO]: [@: Summoned new Primed TNT]
[10:33:38] [Server thread/INFO]: [@: Summoned new Primed TNT]
[10:33:38] [Server thread/INFO]: [@: Summoned new Primed TNT]
[10:33:38] [Server thread/INFO]: [@: Summoned new Primed TNT]
[10:33:38] [Server thread/INFO]: [@: Summoned new Primed TNT]
[10:33:38] [Server thread/INFO]: [@: Summoned new Primed TNT]
[10:33:38] [Server thread/INFO]: [@: Summoned new Primed TNT]
[10:33:38] [Server thread/INFO]: [@: Summoned new Primed TNT]
[10:33:38] [Server thread/INFO]: [@: Summoned new Primed TNT]
[10:33:38] [Server thread/INFO]: [@: Summoned new Primed TNT]
[10:33:38] [Server thread/INFO]: [@: Summoned new Primed TNT]
[10:33:38] [Server thread/INFO]: [@: Summoned new Primed TNT]
[10:33:38] [Server thread/INFO]: [@: Summoned new Primed TNT]
[10:33:38] [Server thread/INFO]: [@: Summoned new Primed TNT]
[10:33:38] [Server thread/INFO]: [@: Summoned new Primed TNT]
[10:33:38] [Server thread/INFO]: [@: Summoned new Primed TNT]
[10:33:38] [Server thread/INFO]: [@: Summoned new Primed TNT]
[10:33:38] [Server thread/INFO]: [@: Summoned new Primed TNT]
[10:33:38] [Server thread/INFO]: [@: Summoned new Primed TNT]
[10:33:38] [Server thread/INFO]: [@: Summoned new Primed TNT]
[10:33:38] [Server thread/INFO]: [@: Summoned new Primed TNT]
[10:33:38] [Server thread/INFO]: [@: Summoned new Primed TNT]
[10:33:38] [Server thread/INFO]: [@: Summoned new Primed TNT]
[10:33:38] [Server thread/INFO]: [@: Summoned new Primed TNT]
[10:33:39] [Server thread/INFO]: [@: Summoned new Primed TNT]
[10:33:39] [Server thread/INFO]: [@: Summoned new Primed TNT]
[10:33:39] [Server thread/INFO]: [@: Summoned new Primed TNT]
[10:33:39] [Server thread/INFO]: [@: Summoned new Primed TNT]
[10:33:39] [Server thread/INFO]: [@: Summoned new Primed TNT]
[10:33:39] [Server thread/INFO]: [@: Summoned new Primed TNT]
[10:33:39] [Server thread/INFO]: [@: Summoned new Primed TNT]
[10:33:39] [Server thread/INFO]: [@: Summoned new Primed TNT]
[10:33:39] [Server thread/INFO]: [@: Summoned new Primed TNT]
[10:33:39] [Server thread/INFO]: [@: Summoned new Primed TNT]
[10:33:39] [Server thread/INFO]: [@: Summoned new Primed TNT]
[10:33:39] [Server thread/INFO]: [@: Summoned new Primed TNT]
[10:33:39] [Server thread/INFO]: [@: Summoned new Primed TNT]
[10:33:39] [Server thread/INFO]: [@: Summoned new Primed TNT]
[10:33:39] [Server thread/INFO]: [@: Summoned new Primed TNT]
[10:33:39] [Server thread/INFO]: [@: Summoned new Primed TNT]
[10:33:39] [Server thread/INFO]: [@: Summoned new Primed TNT]
[10:33:39] [Server thread/INFO]: [@: Summoned new Primed TNT]
[10:33:39] [Server thread/INFO]: [@: Summoned new Primed TNT]
[10:33:39] [Server thread/INFO]: [@: Summoned new Primed TNT]
[10:33:39] [Server thread/INFO]: [@: Summoned new Primed TNT]
[10:33:39] [Server thread/INFO]: [@: Summoned new Primed TNT]
[10:33:39] [Server thread/INFO]: [@: Summoned new Primed TNT]
[10:33:39] [Server thread/INFO]: [@: Summoned new Primed TNT]
[10:33:39] [Server thread/INFO]: [@: Summoned new Primed TNT]
[10:33:39] [Server thread/INFO]: [@: Summoned new Primed TNT]
[10:33:39] [Server thread/INFO]: [@: Summoned new Primed TNT]
[10:33:39] [Server thread/INFO]: [@: Summoned new Primed TNT]
[10:33:39] [Server thread/INFO]: [@: Summoned new Primed TNT]
[10:33:39] [Server thread/INFO]: [@: Summoned new Primed TNT]
[10:33:39] [Server thread/INFO]: [@: Summoned new Primed TNT]
[10:33:40] [Server thread/INFO]: [@: Summoned new Primed TNT]
[10:33:40] [Server thread/INFO]: [@: Summoned new Primed TNT]
[10:33:40] [Server thread/INFO]: [@: Summoned new Primed TNT]
[10:33:40] [Server thread/INFO]: [@: Summoned new Primed TNT]
[10:33:40] [Server thread/INFO]: [@: Summoned new Primed TNT]
[10:33:40] [Server thread/INFO]: [@: Summoned new Primed TNT]
[10:33:40] [Server thread/INFO]: [@: Summoned new Primed TNT]
[10:33:40] [Server thread/INFO]: [@: Summoned new Primed TNT]
[10:33:40] [Server thread/INFO]: [@: Summoned new Primed TNT]
[10:33:40] [Server thread/INFO]: [@: Summoned new Primed TNT]
[10:33:40] [Server thread/INFO]: [@: Summoned new Primed TNT]
[10:33:40] [Server thread/INFO]: [@: Summoned new Primed TNT]
[10:33:40] [Server thread/INFO]: [@: Summoned new Primed TNT]
[10:33:40] [Server thread/INFO]: [@: Summoned new Primed TNT]
[10:33:40] [Server thread/INFO]: [@: Summoned new Primed TNT]
[10:33:40] [Server thread/INFO]: [@: Summoned new Primed TNT]
[10:33:40] [Server thread/INFO]: [@: Summoned new Primed TNT]
[10:33:40] [Server thread/INFO]: [@: Summoned new Primed TNT]
[10:33:40] [Server thread/INFO]: [@: Summoned new Primed TNT]
[10:33:40] [Server thread/INFO]: [@: Summoned new Primed TNT]
[10:33:41] [Server thread/INFO]: [@: Summoned new Primed TNT]
[10:33:41] [Server thread/INFO]: [@: Summoned new Primed TNT]
[10:33:41] [Server thread/INFO]: [@: Summoned new Primed TNT]
[10:33:41] [Server thread/INFO]: [@: Summoned new Primed TNT]
[10:33:41] [Server thread/INFO]: [@: Summoned new Primed TNT]
[10:33:41] [Server thread/INFO]: [@: Summoned new Primed TNT]
[10:33:41] [Server thread/INFO]: [@: Summoned new Primed TNT]
[10:33:41] [Server thread/INFO]: [@: Summoned new Primed TNT]
[10:33:41] [Server thread/INFO]: [@: Summoned new Primed TNT]
[10:33:41] [Server thread/INFO]: [@: Summoned new Primed TNT]
[10:33:41] [Server thread/INFO]: [@: Summoned new Primed TNT]
[10:33:41] [Server thread/INFO]: [@: Summoned new Primed TNT]
[10:33:41] [Server thread/INFO]: [@: Summoned new Primed TNT]
[10:33:41] [Server thread/INFO]: [@: Summoned new Primed TNT]
[10:33:41] [Server thread/INFO]: [@: Summoned new Primed TNT]
[10:33:41] [Server thread/INFO]: [@: Summoned new Primed TNT]
[10:33:41] [Server thread/INFO]: [@: Summoned new Primed TNT]
[10:33:41] [Server thread/INFO]: [@: Summoned new Primed TNT]
[10:33:41] [Server thread/INFO]: [@: Summoned new Primed TNT]
[10:33:41] [Server thread/INFO]: [@: Summoned new Primed TNT]
[10:33:41] [Server thread/INFO]: [@: Summoned new Primed TNT]
[10:33:41] [Server thread/INFO]: [@: Summoned new Primed TNT]
[10:33:41] [Server thread/INFO]: [@: Summoned new Primed TNT]
[10:33:41] [Server thread/INFO]: [@: Summoned new Primed TNT]
[10:33:41] [Server thread/INFO]: [@: Summoned new Primed TNT]
[10:33:41] [Server thread/INFO]: [@: Summoned new Primed TNT]
[10:33:41] [Server thread/INFO]: [@: Summoned new Primed TNT]
[10:33:41] [Server thread/INFO]: [@: Summoned new Primed TNT]
[10:33:41] [Server thread/INFO]: [@: Summoned new Primed TNT]
[10:33:41] [Server thread/INFO]: [@: Summoned new Primed TNT]
[10:33:41] [Server thread/INFO]: [@: Summoned new Primed TNT]
[10:33:41] [Server thread/INFO]: [@: Summoned new Primed TNT]
[10:33:41] [Server thread/INFO]: [@: Summoned new Primed TNT]
[10:33:41] [Server thread/INFO]: [@: Summoned new Primed TNT]
[10:33:41] [Server thread/INFO]: [@: Summoned new Primed TNT]
[10:33:42] [Server thread/INFO]: [@: Summoned new Primed TNT]
[10:33:42] [Server thread/INFO]: [@: Summoned new Primed TNT]
[10:33:42] [Server thread/INFO]: [@: Summoned new Primed TNT]
[10:33:42] [Server thread/INFO]: [@: Summoned new Primed TNT]
[10:33:42] [Server thread/INFO]: [@: Summoned new Primed TNT]
[10:33:42] [Server thread/INFO]: [@: Summoned new Primed TNT]
[10:33:42] [Server thread/INFO]: [@: Summoned new Primed TNT]
[10:33:42] [Server thread/INFO]: [@: Summoned new Primed TNT]
[10:33:42] [Server thread/INFO]: [@: Summoned new Primed TNT]
[10:33:42] [Server thread/INFO]: [@: Summoned new Primed TNT]
[10:33:42] [Server thread/INFO]: [@: Summoned new Primed TNT]
[10:33:42] [Server thread/INFO]: [@: Summoned new Primed TNT]
[10:33:42] [Server thread/INFO]: [@: Summoned new Primed TNT]
[10:33:42] [Server thread/INFO]: [@: Summoned new Primed TNT]
[10:33:42] [Server thread/INFO]: [@: Summoned new Primed TNT]
[10:33:42] [Server thread/INFO]: [@: Summoned new Primed TNT]
[10:33:42] [Server thread/INFO]: [@: Summoned new Primed TNT]
[10:33:42] [Server thread/INFO]: [@: Summoned new Primed TNT]
[10:33:42] [Server thread/INFO]: [@: Summoned new Primed TNT]
[10:33:42] [Server thread/INFO]: [@: Summoned new Primed TNT]
[10:33:42] [Server thread/INFO]: [@: Summoned new Primed TNT]
[10:33:42] [Server thread/INFO]: [@: Summoned new Primed TNT]
[10:33:42] [Server thread/INFO]: [@: Summoned new Primed TNT]
[10:33:42] [Server thread/INFO]: [@: Summoned new Primed TNT]
[10:33:42] [Server thread/INFO]: [@: Summoned new Primed TNT]
[10:33:42] [Server thread/INFO]: [@: Summoned new Primed TNT]
[10:33:42] [Server thread/INFO]: [@: Summoned new Primed TNT]
[10:33:42] [Server thread/INFO]: [@: Summoned new Primed TNT]
[10:33:42] [Server thread/INFO]: [@: Summoned new Primed TNT]
[10:33:42] [Server thread/INFO]: [@: Summoned new Primed TNT]
[10:33:42] [Server thread/INFO]: [@: Summoned new Primed TNT]
[10:33:42] [Server thread/INFO]: [@: Summoned new Primed TNT]
[10:33:42] [Server thread/INFO]: [@: Summoned new Primed TNT]
[10:33:42] [Server thread/INFO]: [@: Summoned new Primed TNT]
[10:33:42] [Server thread/INFO]: [@: Summoned new Primed TNT]
[10:33:42] [Server thread/INFO]: [@: Summoned new Primed TNT]
[10:33:42] [Server thread/INFO]: [@: Summoned new Primed TNT]
[10:33:42] [Server thread/INFO]: [@: Summoned new Primed TNT]
[10:33:42] [Server thread/INFO]: [@: Summoned new Primed TNT]
[10:33:42] [Server thread/INFO]: [@: Summoned new Primed TNT]
[10:33:42] [Server thread/INFO]: [@: Summoned new Primed TNT]
[10:33:42] [Server thread/INFO]: [@: Summoned new Primed TNT]
[10:33:42] [Server thread/INFO]: [@: Summoned new Primed TNT]
[10:33:42] [Server thread/INFO]: [@: Summoned new Primed TNT]
[10:33:42] [Server thread/INFO]: [@: Summoned new Primed TNT]
[10:33:42] [Server thread/INFO]: [@: Summoned new Primed TNT]
[10:33:42] [Server thread/INFO]: [@: Summoned new Primed TNT]
[10:33:42] [Server thread/INFO]: [@: Summoned new Primed TNT]
[10:33:42] [Server thread/INFO]: [@: Summoned new Primed TNT]
[10:33:42] [Server thread/INFO]: [@: Summoned new Primed TNT]
[10:33:42] [Server thread/INFO]: [@: Summoned new Primed TNT]
[10:33:42] [Server thread/INFO]: [@: Summoned new Primed TNT]
[10:33:42] [Server thread/INFO]: [@: Summoned new Primed TNT]
[10:33:42] [Server thread/INFO]: [@: Summoned new Primed TNT]
[10:33:42] [Server thread/INFO]: [@: Summoned new Primed TNT]
[10:33:42] [Server thread/INFO]: [@: Summoned new Primed TNT]
[10:33:42] [Server thread/INFO]: [@: Summoned new Primed TNT]
[10:33:42] [Server thread/INFO]: [@: Summoned new Primed TNT]
[10:33:42] [Server thread/INFO]: [@: Summoned new Primed TNT]
[10:33:42] [Server thread/INFO]: [@: Summoned new Primed TNT]
[10:33:42] [Server thread/INFO]: [@: Summoned new Primed TNT]
[10:33:42] [Server thread/INFO]: [@: Summoned new Primed TNT]
[10:33:43] [Server thread/INFO]: [@: Summoned new Primed TNT]
[10:33:43] [Server thread/INFO]: [@: Summoned new Primed TNT]
[10:33:43] [Server thread/INFO]: [@: Summoned new Primed TNT]
[10:33:43] [Server thread/INFO]: [@: Summoned new Primed TNT]
[10:33:43] [Server thread/INFO]: [@: Summoned new Primed TNT]
[10:33:43] [Server thread/INFO]: [@: Summoned new Primed TNT]
[10:33:43] [Server thread/INFO]: [@: Summoned new Primed TNT]
[10:33:43] [Server thread/INFO]: [@: Summoned new Primed TNT]
[10:33:43] [Server thread/INFO]: [@: Summoned new Primed TNT]
[10:33:43] [Server thread/INFO]: [@: Summoned new Primed TNT]
[10:33:43] [Server thread/INFO]: [@: Summoned new Primed TNT]
[10:33:43] [Server thread/INFO]: [@: Summoned new Primed TNT]
[10:33:43] [Server thread/INFO]: [@: Summoned new Primed TNT]
[10:33:43] [Server thread/INFO]: [@: Summoned new Primed TNT]
[10:33:43] [Server thread/INFO]: [@: Summoned new Primed TNT]
[10:33:43] [Server thread/INFO]: [@: Summoned new Primed TNT]
[10:33:43] [Server thread/INFO]: [@: Summoned new Primed TNT]
[10:33:43] [Server thread/INFO]: [@: Summoned new Primed TNT]
[10:33:43] [Server thread/INFO]: [@: Summoned new Primed TNT]
[10:33:43] [Server thread/INFO]: [@: Summoned new Primed TNT]
[10:33:43] [Server thread/INFO]: [@: Summoned new Primed TNT]
[10:33:43] [Server thread/INFO]: [@: Summoned new Primed TNT]
[10:33:43] [Server thread/INFO]: [@: Summoned new Primed TNT]
[10:33:43] [Server thread/INFO]: [@: Summoned new Primed TNT]
[10:33:43] [Server thread/INFO]: [@: Summoned new Primed TNT]
[10:33:43] [Server thread/INFO]: [@: Summoned new Primed TNT]
[10:33:43] [Server thread/INFO]: [@: Summoned new Primed TNT]
[10:33:43] [Server thread/INFO]: [@: Summoned new Primed TNT]
[10:33:43] [Server thread/INFO]: [@: Summoned new Primed TNT]
[10:33:43] [Server thread/INFO]: [@: Summoned new Primed TNT]
[10:33:43] [Server thread/INFO]: [@: Summoned new Primed TNT]
[10:33:43] [Server thread/INFO]: [@: Summoned new Primed TNT]
[10:33:43] [Server thread/INFO]: [@: Summoned new Primed TNT]
[10:33:43] [Server thread/INFO]: [@: Summoned new Primed TNT]
[10:33:43] [Server thread/INFO]: [@: Summoned new Primed TNT]
[10:33:43] [Server thread/INFO]: [@: Summoned new Primed TNT]
[10:33:43] [Server thread/INFO]: [@: Summoned new Primed TNT]
[10:33:43] [Server thread/INFO]: [@: Summoned new Primed TNT]
[10:33:43] [Server thread/INFO]: [@: Summoned new Primed TNT]
[10:33:43] [Server thread/INFO]: [@: Summoned new Primed TNT]
[10:33:43] [Server thread/INFO]: [@: Summoned new Primed TNT]
[10:33:43] [Server thread/INFO]: [@: Summoned new Primed TNT]
[10:33:43] [Server thread/INFO]: [@: Summoned new Primed TNT]
[10:33:43] [Server thread/INFO]: [@: Summoned new Primed TNT]
[10:33:43] [Server thread/INFO]: [@: Summoned new Primed TNT]
[10:33:43] [Server thread/INFO]: [@: Summoned new Primed TNT]
[10:33:43] [Server thread/INFO]: [@: Summoned new Primed TNT]
[10:33:43] [Server thread/INFO]: [@: Summoned new Primed TNT]
[10:33:43] [Server thread/INFO]: [@: Summoned new Primed TNT]
[10:33:43] [Server thread/INFO]: [@: Summoned new Primed TNT]
[10:33:43] [Server thread/INFO]: [@: Summoned new Primed TNT]
[10:33:43] [Server thread/INFO]: [@: Summoned new Primed TNT]
[10:33:43] [Server thread/INFO]: [@: Summoned new Primed TNT]
[10:33:43] [Server thread/INFO]: [@: Summoned new Primed TNT]
[10:33:43] [Server thread/INFO]: [@: Summoned new Primed TNT]
[10:33:43] [Server thread/INFO]: [@: Summoned new Primed TNT]
[10:33:43] [Server thread/INFO]: [@: Summoned new Primed TNT]
[10:33:43] [Server thread/INFO]: [@: Summoned new Primed TNT]
[10:33:43] [Server thread/INFO]: [@: Summoned new Primed TNT]
[10:33:43] [Server thread/INFO]: [@: Summoned new Primed TNT]
[10:33:43] [Server thread/INFO]: [@: Summoned new Primed TNT]
[10:33:43] [Server thread/INFO]: [@: Summoned new Primed TNT]
[10:33:43] [Server thread/INFO]: [@: Summoned new Primed TNT]
[10:33:43] [Server thread/INFO]: [@: Summoned new Primed TNT]
[10:33:43] [Server thread/INFO]: [@: Summoned new Primed TNT]
[10:33:43] [Server thread/INFO]: [@: Summoned new Primed TNT]
[10:33:44] [Server thread/INFO]: [@: Summoned new Primed TNT]
[10:33:44] [Server thread/INFO]: [@: Summoned new Primed TNT]
[10:33:44] [Server thread/INFO]: [@: Summoned new Primed TNT]
[10:33:44] [Server thread/INFO]: [@: Summoned new Primed TNT]
[10:33:44] [Server thread/INFO]: [@: Summoned new Primed TNT]
[10:33:44] [Server thread/INFO]: [@: Summoned new Primed TNT]
[10:33:44] [Server thread/INFO]: [@: Summoned new Primed TNT]
[10:33:44] [Server thread/INFO]: [@: Summoned new Primed TNT]
[10:33:44] [Server thread/INFO]: [@: Summoned new Primed TNT]
[10:33:44] [Server thread/INFO]: [@: Summoned new Primed TNT]
[10:33:44] [Server thread/INFO]: [@: Summoned new Primed TNT]
[10:33:44] [Server thread/INFO]: [@: Summoned new Primed TNT]
[10:33:44] [Server thread/INFO]: [@: Summoned new Primed TNT]
[10:33:44] [Server thread/INFO]: [@: Summoned new Primed TNT]
[10:33:44] [Server thread/INFO]: [@: Summoned new Primed TNT]
[10:33:44] [Server thread/INFO]: [@: Summoned new Primed TNT]
[10:33:44] [Server thread/INFO]: [@: Summoned new Primed TNT]
[10:33:44] [Server thread/INFO]: [@: Summoned new Primed TNT]
[10:33:44] [Server thread/INFO]: [@: Summoned new Primed TNT]
[10:33:44] [Server thread/INFO]: [@: Summoned new Primed TNT]
[10:33:44] [Server thread/INFO]: [@: Summoned new Primed TNT]
[10:33:44] [Server thread/INFO]: [@: Summoned new Primed TNT]
[10:33:44] [Server thread/INFO]: [@: Summoned new Primed TNT]
[10:33:44] [Server thread/INFO]: [@: Summoned new Primed TNT]
[10:33:44] [Server thread/INFO]: [@: Summoned new Primed TNT]
[10:33:44] [Server thread/INFO]: [@: Summoned new Primed TNT]
[10:33:44] [Server thread/INFO]: [@: Summoned new Primed TNT]
[10:33:44] [Server thread/INFO]: [@: Summoned new Primed TNT]
[10:33:44] [Server thread/INFO]: [@: Summoned new Primed TNT]
[10:33:44] [Server thread/INFO]: [@: Summoned new Primed TNT]
[10:33:44] [Server thread/INFO]: [@: Summoned new Primed TNT]
[10:33:44] [Server thread/INFO]: [@: Summoned new Primed TNT]
[10:33:44] [Server thread/INFO]: [@: Summoned new Primed TNT]
[10:33:44] [Server thread/INFO]: [@: Summoned new Primed TNT]
[10:33:44] [Server thread/INFO]: [@: Summoned new Primed TNT]
[10:33:44] [Server thread/INFO]: [@: Summoned new Primed TNT]
[10:33:44] [Server thread/INFO]: [@: Summoned new Primed TNT]
[10:33:44] [Server thread/INFO]: [@: Summoned new Primed TNT]
[10:33:44] [Server thread/INFO]: [@: Summoned new Primed TNT]
[10:33:44] [Server thread/INFO]: [@: Summoned new Primed TNT]
[10:33:44] [Server thread/INFO]: [@: Summoned new Primed TNT]
[10:33:44] [Server thread/INFO]: [@: Summoned new Primed TNT]
[10:33:44] [Server thread/INFO]: [@: Summoned new Primed TNT]
[10:33:44] [Server thread/INFO]: [chira1785: Teleported chira1785 to ThroneS]
[10:33:44] [Server thread/INFO]: [@: Summoned new Primed TNT]
[10:33:44] [Server thread/INFO]: [@: Summoned new Primed TNT]
[10:33:44] [Server thread/INFO]: [@: Summoned new Primed TNT]
[10:33:51] [Server thread/INFO]: Villager class_1646['Villager'/14079, l='ServerLevel[world]', x=-244.34, y=68.00, z=1354.50] died, message: 'Villager blew up'
[10:34:20] [Server thread/INFO]: [@: Summoned new Primed TNT]
[10:34:20] [Server thread/INFO]: [@: Summoned new Primed TNT]
[10:34:21] [Server thread/INFO]: [@: Summoned new Primed TNT]
[10:34:21] [Server thread/INFO]: [@: Summoned new Primed TNT]
[10:34:22] [Server thread/INFO]: [@: Summoned new Primed TNT]
[10:34:22] [Server thread/INFO]: [@: Summoned new Primed TNT]
[10:34:29] [Server thread/INFO]: Villager class_1646['Villager'/13908, l='ServerLevel[world]', x=-223.45, y=67.00, z=1321.32] died, message: 'Villager blew up'
[10:34:35] [Server thread/INFO]: [@: Summoned new Primed TNT]
[10:34:35] [Server thread/INFO]: [@: Summoned new Primed TNT]
[10:34:35] [Server thread/INFO]: [@: Summoned new Primed TNT]
[10:34:35] [Server thread/INFO]: [@: Summoned new Primed TNT]
[10:34:35] [Server thread/INFO]: [@: Summoned new Primed TNT]
[10:34:35] [Server thread/INFO]: [@: Summoned new Primed TNT]
[10:34:35] [Server thread/INFO]: [@: Summoned new Primed TNT]
[10:34:35] [Server thread/INFO]: [@: Summoned new Primed TNT]
[10:34:36] [Server thread/INFO]: [@: Summoned new Primed TNT]
[10:34:36] [Server thread/INFO]: [@: Summoned new Primed TNT]
[10:34:36] [Server thread/INFO]: [@: Summoned new Primed TNT]
[10:34:37] [Server thread/INFO]: [@: Summoned new Primed TNT]
[10:34:37] [Server thread/INFO]: [@: Summoned new Primed TNT]
[10:34:37] [Server thread/INFO]: [@: Summoned new Primed TNT]
[10:34:37] [Server thread/INFO]: [@: Summoned new Primed TNT]
[10:34:38] [Server thread/INFO]: [@: Summoned new Primed TNT]
[10:34:38] [Server thread/INFO]: [@: Summoned new Primed TNT]
[10:34:38] [Server thread/INFO]: [@: Summoned new Primed TNT]
[10:34:38] [Server thread/INFO]: [@: Summoned new Primed TNT]
[10:34:38] [Server thread/INFO]: [@: Summoned new Primed TNT]
[10:34:38] [Server thread/INFO]: [@: Summoned new Primed TNT]
[10:34:38] [Server thread/INFO]: [@: Summoned new Primed TNT]
[10:34:38] [Server thread/INFO]: [@: Summoned new Primed TNT]
[10:34:38] [Server thread/INFO]: [@: Summoned new Primed TNT]
[10:34:38] [Server thread/INFO]: [@: Summoned new Primed TNT]
[10:34:38] [Server thread/INFO]: [@: Summoned new Primed TNT]
[10:34:38] [Server thread/INFO]: [@: Summoned new Primed TNT]
[10:34:38] [Server thread/INFO]: [@: Summoned new Primed TNT]
[10:34:38] [Server thread/INFO]: [@: Summoned new Primed TNT]
[10:34:38] [Server thread/INFO]: [@: Summoned new Primed TNT]
[10:34:38] [Server thread/INFO]: [@: Summoned new Primed TNT]
[10:34:38] [Server thread/INFO]: [@: Summoned new Primed TNT]
[10:34:38] [Server thread/INFO]: [@: Summoned new Primed TNT]
[10:34:38] [Server thread/INFO]: [@: Summoned new Primed TNT]
[10:34:38] [Server thread/INFO]: [@: Summoned new Primed TNT]
[10:34:38] [Server thread/INFO]: [@: Summoned new Primed TNT]
[10:34:38] [Server thread/INFO]: [@: Summoned new Primed TNT]
[10:34:38] [Server thread/INFO]: [@: Summoned new Primed TNT]
[10:34:38] [Server thread/INFO]: [@: Summoned new Primed TNT]
[10:34:38] [Server thread/INFO]: [@: Summoned new Primed TNT]
[10:34:38] [Server thread/INFO]: [@: Summoned new Primed TNT]
[10:34:38] [Server thread/INFO]: [@: Summoned new Primed TNT]
[10:34:38] [Server thread/INFO]: [@: Summoned new Primed TNT]
[10:34:39] [Server thread/INFO]: [@: Summoned new Primed TNT]
[10:34:39] [Server thread/INFO]: [@: Summoned new Primed TNT]
[10:34:39] [Server thread/INFO]: [@: Summoned new Primed TNT]
[10:34:39] [Server thread/INFO]: [@: Summoned new Primed TNT]
[10:34:39] [Server thread/INFO]: [@: Summoned new Primed TNT]
[10:34:39] [Server thread/INFO]: [@: Summoned new Primed TNT]
[10:34:39] [Server thread/INFO]: [@: Summoned new Primed TNT]
[10:34:39] [Server thread/INFO]: [@: Summoned new Primed TNT]
[10:34:39] [Server thread/INFO]: [@: Summoned new Primed TNT]
[10:34:39] [Server thread/INFO]: [@: Summoned new Primed TNT]
[10:34:39] [Server thread/INFO]: [@: Summoned new Primed TNT]
[10:34:39] [Server thread/INFO]: [@: Summoned new Primed TNT]
[10:34:39] [Server thread/INFO]: [@: Summoned new Primed TNT]
[10:34:39] [Server thread/INFO]: [@: Summoned new Primed TNT]
[10:34:39] [Server thread/INFO]: [@: Summoned new Primed TNT]
[10:34:39] [Server thread/INFO]: [@: Summoned new Primed TNT]
[10:34:39] [Server thread/INFO]: [@: Summoned new Primed TNT]
[10:34:39] [Server thread/INFO]: [@: Summoned new Primed TNT]
[10:34:39] [Server thread/INFO]: [@: Summoned new Primed TNT]
[10:34:39] [Server thread/INFO]: [@: Summoned new Primed TNT]
[10:34:39] [Server thread/INFO]: [@: Summoned new Primed TNT]
[10:34:39] [Server thread/INFO]: [@: Summoned new Primed TNT]
[10:34:39] [Server thread/INFO]: [@: Summoned new Primed TNT]
[10:34:39] [Server thread/INFO]: [@: Summoned new Primed TNT]
[10:34:39] [Server thread/INFO]: [@: Summoned new Primed TNT]
[10:34:39] [Server thread/INFO]: [@: Summoned new Primed TNT]
[10:34:39] [Server thread/INFO]: [@: Summoned new Primed TNT]
[10:34:39] [Server thread/INFO]: [@: Summoned new Primed TNT]
[10:34:39] [Server thread/INFO]: [@: Summoned new Primed TNT]
[10:34:39] [Server thread/INFO]: [@: Summoned new Primed TNT]
[10:34:39] [Server thread/INFO]: [@: Summoned new Primed TNT]
[10:34:39] [Server thread/INFO]: [@: Summoned new Primed TNT]
[10:34:39] [Server thread/INFO]: [@: Summoned new Primed TNT]
[10:34:39] [Server thread/INFO]: [@: Summoned new Primed TNT]
[10:34:39] [Server thread/INFO]: [@: Summoned new Primed TNT]
[10:34:39] [Server thread/INFO]: [@: Summoned new Primed TNT]
[10:34:39] [Server thread/INFO]: [@: Summoned new Primed TNT]
[10:34:39] [Server thread/INFO]: [@: Summoned new Primed TNT]
[10:34:39] [Server thread/INFO]: [@: Summoned new Primed TNT]
[10:34:39] [Server thread/INFO]: [@: Summoned new Primed TNT]
[10:34:40] [Server thread/INFO]: [@: Summoned new Primed TNT]
[10:34:40] [Server thread/INFO]: [@: Summoned new Primed TNT]
[10:34:40] [Server thread/INFO]: [@: Summoned new Primed TNT]
[10:34:40] [Server thread/INFO]: [@: Summoned new Primed TNT]
[10:34:40] [Server thread/INFO]: [@: Summoned new Primed TNT]
[10:34:40] [Server thread/INFO]: [@: Summoned new Primed TNT]
[10:34:40] [Server thread/INFO]: [@: Summoned new Primed TNT]
[10:34:40] [Server thread/INFO]: [@: Summoned new Primed TNT]
[10:34:40] [Server thread/INFO]: [@: Summoned new Primed TNT]
[10:34:40] [Server thread/INFO]: [@: Summoned new Primed TNT]
[10:34:40] [Server thread/INFO]: [@: Summoned new Primed TNT]
[10:34:40] [Server thread/INFO]: [@: Summoned new Primed TNT]
[10:34:40] [Server thread/INFO]: [@: Summoned new Primed TNT]
[10:34:40] [Server thread/INFO]: [@: Summoned new Primed TNT]
[10:34:40] [Server thread/INFO]: [@: Summoned new Primed TNT]
[10:34:40] [Server thread/INFO]: [@: Summoned new Primed TNT]
[10:34:40] [Server thread/INFO]: [@: Summoned new Primed TNT]
[10:34:40] [Server thread/INFO]: [@: Summoned new Primed TNT]
[10:34:40] [Server thread/INFO]: [@: Summoned new Primed TNT]
[10:34:40] [Server thread/INFO]: [@: Summoned new Primed TNT]
[10:34:40] [Server thread/INFO]: [@: Summoned new Primed TNT]
[10:34:40] [Server thread/INFO]: [@: Summoned new Primed TNT]
[10:34:40] [Server thread/INFO]: [@: Summoned new Primed TNT]
[10:34:40] [Server thread/INFO]: [@: Summoned new Primed TNT]
[10:34:41] [Server thread/INFO]: [@: Summoned new Primed TNT]
[10:34:41] [Server thread/INFO]: [@: Summoned new Primed TNT]
[10:34:41] [Server thread/INFO]: [@: Summoned new Primed TNT]
[10:34:41] [Server thread/INFO]: [@: Summoned new Primed TNT]
[10:34:41] [Server thread/INFO]: [@: Summoned new Primed TNT]
[10:34:41] [Server thread/INFO]: [@: Summoned new Primed TNT]
[10:34:41] [Server thread/INFO]: [@: Summoned new Primed TNT]
[10:34:41] [Server thread/INFO]: [@: Summoned new Primed TNT]
[10:34:41] [Server thread/INFO]: [@: Summoned new Primed TNT]
[10:34:41] [Server thread/INFO]: [@: Summoned new Primed TNT]
[10:34:41] [Server thread/INFO]: [@: Summoned new Primed TNT]
[10:34:41] [Server thread/INFO]: [@: Summoned new Primed TNT]
[10:34:41] [Server thread/INFO]: [@: Summoned new Primed TNT]
[10:34:41] [Server thread/INFO]: [@: Summoned new Primed TNT]
[10:34:41] [Server thread/INFO]: [@: Summoned new Primed TNT]
[10:34:41] [Server thread/INFO]: [@: Summoned new Primed TNT]
[10:34:41] [Server thread/INFO]: [@: Summoned new Primed TNT]
[10:34:41] [Server thread/INFO]: [@: Summoned new Primed TNT]
[10:34:41] [Server thread/INFO]: [@: Summoned new Primed TNT]
[10:34:41] [Server thread/INFO]: [@: Summoned new Primed TNT]
[10:34:41] [Server thread/INFO]: [@: Summoned new Primed TNT]
[10:34:41] [Server thread/INFO]: [@: Summoned new Primed TNT]
[10:34:41] [Server thread/INFO]: [@: Summoned new Primed TNT]
[10:34:41] [Server thread/INFO]: [@: Summoned new Primed TNT]
[10:34:41] [Server thread/INFO]: [@: Summoned new Primed TNT]
[10:34:41] [Server thread/INFO]: [@: Summoned new Primed TNT]
[10:34:41] [Server thread/INFO]: [@: Summoned new Primed TNT]
[10:34:41] [Server thread/INFO]: [@: Summoned new Primed TNT]
[10:34:41] [Server thread/INFO]: [@: Summoned new Primed TNT]
[10:34:41] [Server thread/INFO]: [@: Summoned new Primed TNT]
[10:34:41] [Server thread/INFO]: [@: Summoned new Primed TNT]
[10:34:41] [Server thread/INFO]: [@: Summoned new Primed TNT]
[10:34:41] [Server thread/INFO]: [@: Summoned new Primed TNT]
[10:34:41] [Server thread/INFO]: [@: Summoned new Primed TNT]
[10:34:41] [Server thread/INFO]: [@: Summoned new Primed TNT]
[10:34:42] [Server thread/INFO]: [@: Summoned new Primed TNT]
[10:34:42] [Server thread/INFO]: [@: Summoned new Primed TNT]
[10:34:42] [Server thread/INFO]: [@: Summoned new Primed TNT]
[10:34:42] [Server thread/INFO]: [@: Summoned new Primed TNT]
[10:34:42] [Server thread/INFO]: [@: Summoned new Primed TNT]
[10:34:42] [Server thread/INFO]: [@: Summoned new Primed TNT]
[10:34:42] [Server thread/INFO]: [@: Summoned new Primed TNT]
[10:34:42] [Server thread/INFO]: [@: Summoned new Primed TNT]
[10:34:42] [Server thread/INFO]: [@: Summoned new Primed TNT]
[10:34:42] [Server thread/INFO]: [@: Summoned new Primed TNT]
[10:34:42] [Server thread/INFO]: [@: Summoned new Primed TNT]
[10:34:42] [Server thread/INFO]: [@: Summoned new Primed TNT]
[10:34:42] [Server thread/INFO]: [@: Summoned new Primed TNT]
[10:34:42] [Server thread/INFO]: [@: Summoned new Primed TNT]
[10:34:42] [Server thread/INFO]: [@: Summoned new Primed TNT]
[10:34:42] [Server thread/INFO]: [@: Summoned new Primed TNT]
[10:34:42] [Server thread/INFO]: [@: Summoned new Primed TNT]
[10:34:42] [Server thread/INFO]: [@: Summoned new Primed TNT]
[10:34:42] [Server thread/INFO]: [@: Summoned new Primed TNT]
[10:34:42] [Server thread/INFO]: [@: Summoned new Primed TNT]
[10:34:43] [Server thread/INFO]: [@: Summoned new Primed TNT]
[10:34:43] [Server thread/INFO]: [@: Summoned new Primed TNT]
[10:34:43] [Server thread/INFO]: [@: Summoned new Primed TNT]
[10:34:43] [Server thread/INFO]: [@: Summoned new Primed TNT]
[10:34:43] [Server thread/INFO]: [@: Summoned new Primed TNT]
[10:34:43] [Server thread/INFO]: [@: Summoned new Primed TNT]
[10:34:43] [Server thread/INFO]: [@: Summoned new Primed TNT]
[10:34:43] [Server thread/INFO]: [@: Summoned new Primed TNT]
[10:34:43] [Server thread/INFO]: [@: Summoned new Primed TNT]
[10:34:43] [Server thread/INFO]: [@: Summoned new Primed TNT]
[10:34:43] [Server thread/INFO]: [@: Summoned new Primed TNT]
[10:34:43] [Server thread/INFO]: [@: Summoned new Primed TNT]
[10:34:43] [Server thread/INFO]: [@: Summoned new Primed TNT]
[10:34:43] [Server thread/INFO]: [@: Summoned new Primed TNT]
[10:34:43] [Server thread/INFO]: [@: Summoned new Primed TNT]
[10:34:43] [Server thread/INFO]: [@: Summoned new Primed TNT]
[10:34:43] [Server thread/INFO]: [@: Summoned new Primed TNT]
[10:34:43] [Server thread/INFO]: [@: Summoned new Primed TNT]
[10:34:43] [Server thread/INFO]: [@: Summoned new Primed TNT]
[10:34:44] [Server thread/INFO]: [@: Summoned new Primed TNT]
[10:34:44] [Server thread/INFO]: [@: Summoned new Primed TNT]
[10:34:44] [Server thread/INFO]: [@: Summoned new Primed TNT]
[10:34:44] [Server thread/INFO]: [@: Summoned new Primed TNT]
[10:34:44] [Server thread/INFO]: [@: Summoned new Primed TNT]
[10:34:44] [Server thread/INFO]: [@: Summoned new Primed TNT]
[10:34:44] [Server thread/INFO]: [@: Summoned new Primed TNT]
[10:34:44] [Server thread/INFO]: [@: Summoned new Primed TNT]
[10:34:44] [Server thread/INFO]: [@: Summoned new Primed TNT]
[10:34:44] [Server thread/INFO]: [@: Summoned new Primed TNT]
[10:34:44] [Server thread/INFO]: [@: Summoned new Primed TNT]
[10:34:44] [Server thread/INFO]: [@: Summoned new Primed TNT]
[10:34:44] [Server thread/INFO]: [@: Summoned new Primed TNT]
[10:34:44] [Server thread/INFO]: [@: Summoned new Primed TNT]
[10:34:44] [Server thread/INFO]: [@: Summoned new Primed TNT]
[10:34:44] [Server thread/INFO]: [@: Summoned new Primed TNT]
[10:34:44] [Server thread/INFO]: [@: Summoned new Primed TNT]
[10:34:44] [Server thread/INFO]: [@: Summoned new Primed TNT]
[10:34:44] [Server thread/INFO]: [@: Summoned new Primed TNT]
[10:34:44] [Server thread/INFO]: [@: Summoned new Primed TNT]
[10:34:45] [Server thread/INFO]: [@: Summoned new Primed TNT]
[10:34:45] [Server thread/INFO]: [@: Summoned new Primed TNT]
[10:34:45] [Server thread/INFO]: [@: Summoned new Primed TNT]
[10:34:45] [Server thread/INFO]: [@: Summoned new Primed TNT]
[10:34:45] [Server thread/INFO]: [@: Summoned new Primed TNT]
[10:34:45] [Server thread/INFO]: [@: Summoned new Primed TNT]
[10:34:45] [Server thread/INFO]: [@: Summoned new Primed TNT]
[10:34:45] [Server thread/INFO]: [@: Summoned new Primed TNT]
[10:34:45] [Server thread/INFO]: [@: Summoned new Primed TNT]
[10:34:45] [Server thread/INFO]: [@: Summoned new Primed TNT]
[10:34:45] [Server thread/INFO]: [@: Summoned new Primed TNT]
[10:34:45] [Server thread/INFO]: [@: Summoned new Primed TNT]
[10:34:45] [Server thread/INFO]: [@: Summoned new Primed TNT]
[10:34:45] [Server thread/INFO]: [@: Summoned new Primed TNT]
[10:34:45] [Server thread/INFO]: [@: Summoned new Primed TNT]
[10:34:45] [Server thread/INFO]: [@: Summoned new Primed TNT]
[10:34:45] [Server thread/INFO]: [@: Summoned new Primed TNT]
[10:34:45] [Server thread/INFO]: [@: Summoned new Primed TNT]
[10:34:45] [Server thread/INFO]: [@: Summoned new Primed TNT]
[10:34:45] [Server thread/INFO]: [@: Summoned new Primed TNT]
[10:34:46] [Server thread/INFO]: [@: Summoned new Primed TNT]
[10:34:46] [Server thread/INFO]: [@: Summoned new Primed TNT]
[10:34:46] [Server thread/INFO]: [@: Summoned new Primed TNT]
[10:34:46] [Server thread/INFO]: [@: Summoned new Primed TNT]
[10:34:46] [Server thread/INFO]: [@: Summoned new Primed TNT]
[10:34:46] [Server thread/INFO]: [@: Summoned new Primed TNT]
[10:34:46] [Server thread/INFO]: [@: Summoned new Primed TNT]
[10:34:46] [Server thread/INFO]: [@: Summoned new Primed TNT]
[10:34:46] [Server thread/INFO]: [@: Summoned new Primed TNT]
[10:34:46] [Server thread/INFO]: [@: Summoned new Primed TNT]
[10:34:46] [Server thread/INFO]: [@: Summoned new Primed TNT]
[10:34:46] [Server thread/INFO]: [@: Summoned new Primed TNT]
[10:34:46] [Server thread/INFO]: [@: Summoned new Primed TNT]
[10:34:46] [Server thread/INFO]: [@: Summoned new Primed TNT]
[10:34:46] [Server thread/INFO]: [@: Summoned new Primed TNT]
[10:34:46] [Server thread/INFO]: [@: Summoned new Primed TNT]
[10:34:46] [Server thread/INFO]: [@: Summoned new Primed TNT]
[10:34:46] [Server thread/INFO]: [@: Summoned new Primed TNT]
[10:34:46] [Server thread/INFO]: [@: Summoned new Primed TNT]
[10:34:46] [Server thread/INFO]: [@: Summoned new Primed TNT]
[10:34:47] [Server thread/INFO]: [@: Summoned new Primed TNT]
[10:34:47] [Server thread/INFO]: [@: Summoned new Primed TNT]
[10:34:50] [Server thread/INFO]: [@: Summoned new Primed TNT]
[10:34:50] [Server thread/INFO]: [@: Summoned new Primed TNT]
[10:34:50] [Server thread/INFO]: [@: Summoned new Primed TNT]
[10:34:50] [Server thread/INFO]: [@: Summoned new Primed TNT]
[10:34:50] [Server thread/INFO]: [@: Summoned new Primed TNT]
[10:34:50] [Server thread/INFO]: [@: Summoned new Primed TNT]
[10:34:50] [Server thread/INFO]: [@: Summoned new Primed TNT]
[10:34:50] [Server thread/INFO]: [@: Summoned new Primed TNT]
[10:34:50] [Server thread/INFO]: [@: Summoned new Primed TNT]
[10:34:50] [Server thread/INFO]: [@: Summoned new Primed TNT]
[10:34:50] [Server thread/INFO]: [@: Summoned new Primed TNT]
[10:34:50] [Server thread/INFO]: [@: Summoned new Primed TNT]
[10:34:50] [Server thread/INFO]: [@: Summoned new Primed TNT]
[10:34:50] [Server thread/INFO]: [@: Summoned new Primed TNT]
[10:34:50] [Server thread/INFO]: [@: Summoned new Primed TNT]
[10:34:50] [Server thread/INFO]: [@: Summoned new Primed TNT]
[10:34:50] [Server thread/INFO]: [@: Summoned new Primed TNT]
[10:34:50] [Server thread/INFO]: [@: Summoned new Primed TNT]
[10:34:51] [Server thread/INFO]: [@: Summoned new Primed TNT]
[10:34:52] [Server thread/INFO]: Villager class_1646['Villager'/13906, l='ServerLevel[world]', x=-244.69, y=64.42, z=1323.99] died, message: 'Villager blew up'
[10:34:53] [Server thread/INFO]: Villager class_1646['Villager'/13907, l='ServerLevel[world]', x=-245.70, y=64.00, z=1323.25] died, message: 'Villager blew up'
[10:35:11] [Server thread/INFO]: [@: Summoned new Primed TNT]
[10:35:11] [Server thread/INFO]: [@: Summoned new Primed TNT]
[10:35:11] [Server thread/INFO]: [@: Summoned new Primed TNT]
[10:35:11] [Server thread/INFO]: [@: Summoned new Primed TNT]
[10:35:11] [Server thread/INFO]: [@: Summoned new Primed TNT]
[10:35:11] [Server thread/INFO]: [@: Summoned new Primed TNT]
[10:35:11] [Server thread/INFO]: [@: Summoned new Primed TNT]
[10:35:11] [Server thread/INFO]: [@: Summoned new Primed TNT]
[10:35:11] [Server thread/INFO]: [@: Summoned new Primed TNT]
[10:35:11] [Server thread/INFO]: [@: Summoned new Primed TNT]
[10:35:12] [Server thread/INFO]: [@: Summoned new Primed TNT]
[10:35:12] [Server thread/INFO]: [@: Summoned new Primed TNT]
[10:35:12] [Server thread/INFO]: [@: Summoned new Primed TNT]
[10:35:12] [Server thread/INFO]: [@: Summoned new Primed TNT]
[10:35:12] [Server thread/INFO]: [@: Summoned new Primed TNT]
[10:35:12] [Server thread/INFO]: [@: Summoned new Primed TNT]
[10:35:12] [Server thread/INFO]: [@: Summoned new Primed TNT]
[10:35:12] [Server thread/INFO]: [@: Summoned new Primed TNT]
[10:35:12] [Server thread/INFO]: [@: Summoned new Primed TNT]
[10:35:12] [Server thread/INFO]: [@: Summoned new Primed TNT]
[10:35:12] [Server thread/INFO]: [@: Summoned new Primed TNT]
[10:35:12] [Server thread/INFO]: [@: Summoned new Primed TNT]
[10:35:12] [Server thread/INFO]: [@: Summoned new Primed TNT]
[10:35:12] [Server thread/INFO]: [@: Summoned new Primed TNT]
[10:35:12] [Server thread/INFO]: [@: Summoned new Primed TNT]
[10:35:12] [Server thread/INFO]: [@: Summoned new Primed TNT]
[10:35:12] [Server thread/INFO]: [@: Summoned new Primed TNT]
[10:35:12] [Server thread/INFO]: [@: Summoned new Primed TNT]
[10:35:12] [Server thread/INFO]: [@: Summoned new Primed TNT]
[10:35:12] [Server thread/INFO]: [@: Summoned new Primed TNT]
[10:35:13] [Server thread/INFO]: [@: Summoned new Primed TNT]
[10:35:13] [Server thread/INFO]: [@: Summoned new Primed TNT]
[10:35:13] [Server thread/INFO]: [@: Summoned new Primed TNT]
[10:35:13] [Server thread/INFO]: [@: Summoned new Primed TNT]
[10:35:13] [Server thread/INFO]: [@: Summoned new Primed TNT]
[10:35:13] [Server thread/INFO]: [@: Summoned new Primed TNT]
[10:35:13] [Server thread/INFO]: [@: Summoned new Primed TNT]
[10:35:13] [Server thread/INFO]: [@: Summoned new Primed TNT]
[10:35:13] [Server thread/INFO]: [@: Summoned new Primed TNT]
[10:35:13] [Server thread/INFO]: [@: Summoned new Primed TNT]
[10:35:13] [Server thread/INFO]: [@: Summoned new Primed TNT]
[10:35:13] [Server thread/INFO]: [@: Summoned new Primed TNT]
[10:35:13] [Server thread/INFO]: [@: Summoned new Primed TNT]
[10:35:37] [Server thread/INFO]: [@: Summoned new Primed TNT]
[10:35:37] [Server thread/INFO]: [@: Summoned new Primed TNT]
[10:35:37] [Server thread/INFO]: [@: Summoned new Primed TNT]
[10:35:37] [Server thread/INFO]: [@: Summoned new Primed TNT]
[10:35:37] [Server thread/INFO]: [@: Summoned new Primed TNT]
[10:35:37] [Server thread/INFO]: [@: Summoned new Primed TNT]
[10:35:37] [Server thread/INFO]: [@: Summoned new Primed TNT]
[10:35:37] [Server thread/INFO]: [@: Summoned new Primed TNT]
[10:35:37] [Server thread/INFO]: [@: Summoned new Primed TNT]
[10:35:37] [Server thread/INFO]: [@: Summoned new Primed TNT]
[10:35:37] [Server thread/INFO]: [@: Summoned new Primed TNT]
[10:35:37] [Server thread/INFO]: [@: Summoned new Primed TNT]
[10:35:37] [Server thread/INFO]: [@: Summoned new Primed TNT]
[10:35:37] [Server thread/INFO]: [@: Summoned new Primed TNT]
[10:35:37] [Server thread/INFO]: [@: Summoned new Primed TNT]
[10:35:37] [Server thread/INFO]: [@: Summoned new Primed TNT]
[10:35:37] [Server thread/INFO]: [@: Summoned new Primed TNT]
[10:35:37] [Server thread/INFO]: [@: Summoned new Primed TNT]
[10:35:37] [Server thread/INFO]: [@: Summoned new Primed TNT]
[10:35:37] [Server thread/INFO]: [@: Summoned new Primed TNT]
[10:35:37] [Server thread/INFO]: [@: Summoned new Primed TNT]
[10:35:38] [Server thread/INFO]: [@: Summoned new Primed TNT]
[10:35:45] [Server thread/INFO]: Villager class_1646['Villager'/14344, l='ServerLevel[world]', x=-307.50, y=64.00, z=1335.50] died, message: 'Villager blew up'
[10:35:45] [Server thread/INFO]: Villager class_1646['Mason'/14346, l='ServerLevel[world]', x=-305.75, y=64.56, z=1334.46] died, message: 'Mason blew up'
[10:35:49] [Server thread/INFO]: [@: Summoned new Primed TNT]
[10:35:49] [Server thread/INFO]: [@: Summoned new Primed TNT]
[10:35:49] [Server thread/INFO]: [@: Summoned new Primed TNT]
[10:35:49] [Server thread/INFO]: [@: Summoned new Primed TNT]
[10:35:49] [Server thread/INFO]: [@: Summoned new Primed TNT]
[10:35:50] [Server thread/INFO]: [@: Summoned new Primed TNT]
[10:35:50] [Server thread/INFO]: [@: Summoned new Primed TNT]
[10:35:50] [Server thread/INFO]: [@: Summoned new Primed TNT]
[10:35:50] [Server thread/INFO]: [@: Summoned new Primed TNT]
[10:35:50] [Server thread/INFO]: [@: Summoned new Primed TNT]
[10:35:50] [Server thread/INFO]: [@: Summoned new Primed TNT]
[10:35:50] [Server thread/INFO]: [@: Summoned new Primed TNT]
[10:35:50] [Server thread/INFO]: [@: Summoned new Primed TNT]
[10:35:50] [Server thread/INFO]: [@: Summoned new Primed TNT]
[10:35:50] [Server thread/INFO]: [@: Summoned new Primed TNT]
[10:35:50] [Server thread/INFO]: [@: Summoned new Primed TNT]
[10:35:50] [Server thread/INFO]: [@: Summoned new Primed TNT]
[10:35:50] [Server thread/INFO]: [@: Summoned new Primed TNT]
[10:35:50] [Server thread/INFO]: [@: Summoned new Primed TNT]
[10:36:03] [Server thread/WARN]: ThroneS moved too quickly! -3.7215312103322162,3.3737880335330317,8.990253250888145
[10:36:03] [Server thread/INFO]: [@: Summoned new Primed TNT]
[10:36:03] [Server thread/INFO]: [@: Summoned new Primed TNT]
[10:36:03] [Server thread/INFO]: [@: Summoned new Primed TNT]
[10:36:03] [Server thread/INFO]: [@: Summoned new Primed TNT]
[10:36:03] [Server thread/INFO]: [@: Summoned new Primed TNT]
[10:36:03] [Server thread/INFO]: [@: Summoned new Primed TNT]
[10:36:03] [Server thread/INFO]: [@: Summoned new Primed TNT]
[10:36:03] [Server thread/INFO]: [@: Summoned new Primed TNT]
[10:36:03] [Server thread/INFO]: [@: Summoned new Primed TNT]
[10:36:03] [Server thread/INFO]: [@: Summoned new Primed TNT]
[10:36:03] [Server thread/INFO]: [@: Summoned new Primed TNT]
[10:36:03] [Server thread/INFO]: [@: Summoned new Primed TNT]
[10:36:03] [Server thread/INFO]: [@: Summoned new Primed TNT]
[10:36:03] [Server thread/INFO]: [@: Summoned new Primed TNT]
[10:36:03] [Server thread/INFO]: [@: Summoned new Primed TNT]
[10:36:03] [Server thread/INFO]: [@: Summoned new Primed TNT]
[10:36:04] [Server thread/INFO]: [@: Summoned new Primed TNT]
[10:36:04] [Server thread/INFO]: [@: Summoned new Primed TNT]
[10:36:04] [Server thread/INFO]: [@: Summoned new Primed TNT]
[10:36:04] [Server thread/INFO]: [@: Summoned new Primed TNT]
[10:36:04] [Server thread/INFO]: [@: Summoned new Primed TNT]
[10:36:04] [Server thread/INFO]: [@: Summoned new Primed TNT]
[10:36:04] [Server thread/INFO]: [@: Summoned new Primed TNT]
[10:36:04] [Server thread/INFO]: [@: Summoned new Primed TNT]
[10:36:04] [Server thread/INFO]: [@: Summoned new Primed TNT]
[10:36:04] [Server thread/INFO]: [@: Summoned new Primed TNT]
[10:36:04] [Server thread/INFO]: [@: Summoned new Primed TNT]
[10:36:04] [Server thread/INFO]: [@: Summoned new Primed TNT]
[10:36:04] [Server thread/INFO]: [@: Summoned new Primed TNT]
[10:36:04] [Server thread/INFO]: [@: Summoned new Primed TNT]
[10:36:04] [Server thread/INFO]: [@: Summoned new Primed TNT]
[10:36:04] [Server thread/INFO]: [@: Summoned new Primed TNT]
[10:36:04] [Server thread/INFO]: [@: Summoned new Primed TNT]
[10:36:04] [Server thread/INFO]: [@: Summoned new Primed TNT]
[10:36:04] [Server thread/INFO]: [@: Summoned new Primed TNT]
[10:36:04] [Server thread/INFO]: [@: Summoned new Primed TNT]
[10:36:05] [Server thread/INFO]: [@: Summoned new Primed TNT]
[10:36:05] [Server thread/INFO]: [@: Summoned new Primed TNT]
[10:36:05] [Server thread/INFO]: [@: Summoned new Primed TNT]
[10:36:18] [Server thread/INFO]: [@: Summoned new Primed TNT]
[10:36:18] [Server thread/INFO]: [@: Summoned new Primed TNT]
[10:36:18] [Server thread/INFO]: [@: Summoned new Primed TNT]
[10:36:18] [Server thread/INFO]: [@: Summoned new Primed TNT]
[10:36:18] [Server thread/INFO]: [@: Summoned new Primed TNT]
[10:36:18] [Server thread/INFO]: [@: Summoned new Primed TNT]
[10:36:18] [Server thread/INFO]: [@: Summoned new Primed TNT]
[10:36:18] [Server thread/INFO]: [@: Summoned new Primed TNT]
[10:36:18] [Server thread/INFO]: [@: Summoned new Primed TNT]
[10:36:18] [Server thread/INFO]: [@: Summoned new Primed TNT]
[10:36:18] [Server thread/INFO]: [@: Summoned new Primed TNT]
[10:36:18] [Server thread/INFO]: [@: Summoned new Primed TNT]
[10:36:18] [Server thread/INFO]: [@: Summoned new Primed TNT]
[10:36:18] [Server thread/INFO]: [@: Summoned new Primed TNT]
[10:36:18] [Server thread/INFO]: [@: Summoned new Primed TNT]
[10:36:18] [Server thread/INFO]: [@: Summoned new Primed TNT]
[10:36:18] [Server thread/INFO]: [@: Summoned new Primed TNT]
[10:36:18] [Server thread/INFO]: [@: Summoned new Primed TNT]
[10:36:18] [Server thread/INFO]: [@: Summoned new Primed TNT]
[10:36:18] [Server thread/INFO]: [@: Summoned new Primed TNT]
[10:36:18] [Server thread/INFO]: [@: Summoned new Primed TNT]
[10:36:18] [Server thread/INFO]: [@: Summoned new Primed TNT]
[10:36:18] [Server thread/INFO]: [@: Summoned new Primed TNT]
[10:36:18] [Server thread/INFO]: [@: Summoned new Primed TNT]
[10:36:18] [Server thread/INFO]: [@: Summoned new Primed TNT]
[10:36:18] [Server thread/INFO]: [@: Summoned new Primed TNT]
[10:36:18] [Server thread/INFO]: [@: Summoned new Primed TNT]
[10:36:19] [Server thread/INFO]: [@: Summoned new Primed TNT]
[10:36:19] [Server thread/INFO]: [@: Summoned new Primed TNT]
[10:36:19] [Server thread/INFO]: [@: Summoned new Primed TNT]
[10:36:19] [Server thread/INFO]: [@: Summoned new Primed TNT]
[10:36:19] [Server thread/INFO]: [@: Summoned new Primed TNT]
[10:36:19] [Server thread/INFO]: [@: Summoned new Primed TNT]
[10:36:19] [Server thread/INFO]: [@: Summoned new Primed TNT]
[10:36:19] [Server thread/INFO]: [@: Summoned new Primed TNT]
[10:36:19] [Server thread/INFO]: [@: Summoned new Primed TNT]
[10:36:19] [Server thread/INFO]: [@: Summoned new Primed TNT]
[10:36:19] [Server thread/INFO]: [@: Summoned new Primed TNT]
[10:36:19] [Server thread/INFO]: [@: Summoned new Primed TNT]
[10:36:19] [Server thread/INFO]: [@: Summoned new Primed TNT]
[10:36:19] [Server thread/INFO]: [@: Summoned new Primed TNT]
[10:36:19] [Server thread/INFO]: [@: Summoned new Primed TNT]
[10:36:19] [Server thread/INFO]: [@: Summoned new Primed TNT]
[10:36:19] [Server thread/INFO]: [@: Summoned new Primed TNT]
[10:36:19] [Server thread/INFO]: [@: Summoned new Primed TNT]
[10:36:19] [Server thread/INFO]: [@: Summoned new Primed TNT]
[10:36:19] [Server thread/INFO]: [@: Summoned new Primed TNT]
[10:36:19] [Server thread/INFO]: [@: Summoned new Primed TNT]
[10:36:19] [Server thread/INFO]: [@: Summoned new Primed TNT]
[10:36:20] [Server thread/INFO]: [@: Summoned new Primed TNT]
[10:36:20] [Server thread/INFO]: [@: Summoned new Primed TNT]
[10:36:20] [Server thread/INFO]: [@: Summoned new Primed TNT]
[10:36:20] [Server thread/INFO]: [@: Summoned new Primed TNT]
[10:36:20] [Server thread/INFO]: [@: Summoned new Primed TNT]
[10:36:20] [Server thread/INFO]: [@: Summoned new Primed TNT]
[10:36:20] [Server thread/INFO]: [@: Summoned new Primed TNT]
[10:36:20] [Server thread/INFO]: [@: Summoned new Primed TNT]
[10:36:20] [Server thread/INFO]: [@: Summoned new Primed TNT]
[10:36:20] [Server thread/INFO]: [@: Summoned new Primed TNT]
[10:36:20] [Server thread/INFO]: [@: Summoned new Primed TNT]
[10:36:20] [Server thread/INFO]: [@: Summoned new Primed TNT]
[10:36:20] [Server thread/INFO]: [@: Summoned new Primed TNT]
[10:36:20] [Server thread/INFO]: [@: Summoned new Primed TNT]
[10:36:20] [Server thread/INFO]: [@: Summoned new Primed TNT]
[10:36:20] [Server thread/INFO]: [@: Summoned new Primed TNT]
[10:36:20] [Server thread/INFO]: [@: Summoned new Primed TNT]
[10:36:20] [Server thread/INFO]: [@: Summoned new Primed TNT]
[10:36:20] [Server thread/INFO]: [@: Summoned new Primed TNT]
[10:36:20] [Server thread/INFO]: [@: Summoned new Primed TNT]
[10:36:21] [Server thread/INFO]: [@: Summoned new Primed TNT]
[10:36:21] [Server thread/INFO]: [@: Summoned new Primed TNT]
[10:36:21] [Server thread/INFO]: [@: Summoned new Primed TNT]
[10:36:21] [Server thread/INFO]: [@: Summoned new Primed TNT]
[10:36:21] [Server thread/INFO]: [@: Summoned new Primed TNT]
[10:36:21] [Server thread/INFO]: [@: Summoned new Primed TNT]
[10:36:21] [Server thread/INFO]: [@: Summoned new Primed TNT]
[10:36:23] [Server thread/INFO]: [@: Summoned new Primed TNT]
[10:36:23] [Server thread/INFO]: [@: Summoned new Primed TNT]
[10:36:23] [Server thread/INFO]: [@: Summoned new Primed TNT]
[10:36:23] [Server thread/INFO]: [@: Summoned new Primed TNT]
[10:36:23] [Server thread/INFO]: [@: Summoned new Primed TNT]
[10:36:23] [Server thread/INFO]: [@: Summoned new Primed TNT]
[10:36:23] [Server thread/INFO]: [@: Summoned new Primed TNT]
[10:36:23] [Server thread/INFO]: [@: Summoned new Primed TNT]
[10:36:23] [Server thread/INFO]: [@: Summoned new Primed TNT]
[10:36:23] [Server thread/INFO]: [@: Summoned new Primed TNT]
[10:36:23] [Server thread/INFO]: [@: Summoned new Primed TNT]
[10:36:23] [Server thread/INFO]: [@: Summoned new Primed TNT]
[10:36:23] [Server thread/INFO]: [@: Summoned new Primed TNT]
[10:36:23] [Server thread/INFO]: [@: Summoned new Primed TNT]
[10:36:24] [Server thread/INFO]: [@: Summoned new Primed TNT]
[10:36:24] [Server thread/INFO]: [@: Summoned new Primed TNT]
[10:36:24] [Server thread/INFO]: [@: Summoned new Primed TNT]
[10:36:24] [Server thread/INFO]: [@: Summoned new Primed TNT]
[10:36:24] [Server thread/INFO]: [@: Summoned new Primed TNT]
[10:36:24] [Server thread/INFO]: [@: Summoned new Primed TNT]
[10:36:24] [Server thread/INFO]: [@: Summoned new Primed TNT]
[10:36:24] [Server thread/INFO]: [@: Summoned new Primed TNT]
[10:36:24] [Server thread/INFO]: [@: Summoned new Primed TNT]
[10:36:24] [Server thread/INFO]: [@: Summoned new Primed TNT]
[10:36:24] [Server thread/INFO]: [@: Summoned new Primed TNT]
[10:36:24] [Server thread/INFO]: [@: Summoned new Primed TNT]
[10:36:24] [Server thread/INFO]: [@: Summoned new Primed TNT]
[10:36:24] [Server thread/INFO]: [@: Summoned new Primed TNT]
[10:36:24] [Server thread/INFO]: [@: Summoned new Primed TNT]
[10:36:24] [Server thread/INFO]: [@: Summoned new Primed TNT]
[10:36:24] [Server thread/INFO]: [@: Summoned new Primed TNT]
[10:36:24] [Server thread/INFO]: [@: Summoned new Primed TNT]
[10:36:24] [Server thread/INFO]: [@: Summoned new Primed TNT]
[10:36:24] [Server thread/INFO]: [@: Summoned new Primed TNT]
[10:36:25] [Server thread/INFO]: [@: Summoned new Primed TNT]
[10:36:25] [Server thread/INFO]: [@: Summoned new Primed TNT]
[10:36:25] [Server thread/INFO]: [@: Summoned new Primed TNT]
[10:36:25] [Server thread/INFO]: [@: Summoned new Primed TNT]
[10:36:25] [Server thread/INFO]: [@: Summoned new Primed TNT]
[10:36:25] [Server thread/INFO]: [@: Summoned new Primed TNT]
[10:36:25] [Server thread/INFO]: [@: Summoned new Primed TNT]
[10:36:25] [Server thread/INFO]: [@: Summoned new Primed TNT]
[10:36:25] [Server thread/INFO]: [@: Summoned new Primed TNT]
[10:36:25] [Server thread/INFO]: [@: Summoned new Primed TNT]
[10:36:25] [Server thread/INFO]: [@: Summoned new Primed TNT]
[10:36:25] [Server thread/INFO]: [@: Summoned new Primed TNT]
[10:36:25] [Server thread/INFO]: [@: Summoned new Primed TNT]
[10:36:25] [Server thread/INFO]: [@: Summoned new Primed TNT]
[10:36:25] [Server thread/INFO]: [@: Summoned new Primed TNT]
[10:36:25] [Server thread/INFO]: [@: Summoned new Primed TNT]
[10:36:25] [Server thread/INFO]: [@: Summoned new Primed TNT]
[10:36:25] [Server thread/INFO]: [@: Summoned new Primed TNT]
[10:36:25] [Server thread/INFO]: [@: Summoned new Primed TNT]
[10:36:26] [Server thread/INFO]: [@: Summoned new Primed TNT]
[10:36:26] [Server thread/INFO]: [@: Summoned new Primed TNT]
[10:36:26] [Server thread/INFO]: [@: Summoned new Primed TNT]
[10:36:26] [Server thread/INFO]: [@: Summoned new Primed TNT]
[10:36:26] [Server thread/INFO]: [@: Summoned new Primed TNT]
[10:36:26] [Server thread/INFO]: [@: Summoned new Primed TNT]
[10:36:26] [Server thread/INFO]: [@: Summoned new Primed TNT]
[10:36:26] [Server thread/INFO]: [@: Summoned new Primed TNT]
[10:36:26] [Server thread/INFO]: [@: Summoned new Primed TNT]
[10:36:26] [Server thread/INFO]: [@: Summoned new Primed TNT]
[10:36:26] [Server thread/INFO]: [@: Summoned new Primed TNT]
[10:36:26] [Server thread/INFO]: [@: Summoned new Primed TNT]
[10:36:26] [Server thread/INFO]: [@: Summoned new Primed TNT]
[10:36:26] [Server thread/INFO]: [@: Summoned new Primed TNT]
[10:36:26] [Server thread/INFO]: [@: Summoned new Primed TNT]
[10:36:26] [Server thread/INFO]: [@: Summoned new Primed TNT]
[10:36:26] [Server thread/INFO]: [@: Summoned new Primed TNT]
[10:36:26] [Server thread/INFO]: [@: Summoned new Primed TNT]
[10:36:26] [Server thread/INFO]: [@: Summoned new Primed TNT]
[10:36:26] [Server thread/INFO]: [@: Summoned new Primed TNT]
[10:36:26] [Server thread/INFO]: [@: Summoned new Primed TNT]
[10:36:27] [Server thread/INFO]: [@: Summoned new Primed TNT]
[10:36:27] [Server thread/INFO]: [@: Summoned new Primed TNT]
[10:36:27] [Server thread/INFO]: [@: Summoned new Primed TNT]
[10:36:27] [Server thread/INFO]: [@: Summoned new Primed TNT]
[10:36:27] [Server thread/INFO]: [@: Summoned new Primed TNT]
[10:36:27] [Server thread/INFO]: [@: Summoned new Primed TNT]
[10:36:27] [Server thread/INFO]: [@: Summoned new Primed TNT]
[10:36:27] [Server thread/INFO]: [@: Summoned new Primed TNT]
[10:36:27] [Server thread/INFO]: [@: Summoned new Primed TNT]
[10:36:27] [Server thread/INFO]: [@: Summoned new Primed TNT]
[10:36:27] [Server thread/INFO]: [@: Summoned new Primed TNT]
[10:36:27] [Server thread/INFO]: [@: Summoned new Primed TNT]
[10:36:27] [Server thread/INFO]: [@: Summoned new Primed TNT]
[10:36:27] [Server thread/INFO]: [@: Summoned new Primed TNT]
[10:36:27] [Server thread/INFO]: [@: Summoned new Primed TNT]
[10:36:27] [Server thread/INFO]: [@: Summoned new Primed TNT]
[10:36:27] [Server thread/INFO]: [@: Summoned new Primed TNT]
[10:36:27] [Server thread/INFO]: [@: Summoned new Primed TNT]
[10:36:27] [Server thread/INFO]: [@: Summoned new Primed TNT]
[10:36:28] [Server thread/INFO]: [@: Summoned new Primed TNT]
[10:36:28] [Server thread/INFO]: [@: Summoned new Primed TNT]
[10:36:28] [Server thread/INFO]: [@: Summoned new Primed TNT]
[10:36:28] [Server thread/INFO]: [@: Summoned new Primed TNT]
[10:36:28] [Server thread/INFO]: [@: Summoned new Primed TNT]
[10:36:28] [Server thread/INFO]: [@: Summoned new Primed TNT]
[10:36:28] [Server thread/INFO]: [@: Summoned new Primed TNT]
[10:36:28] [Server thread/INFO]: [@: Summoned new Primed TNT]
[10:36:28] [Server thread/INFO]: [@: Summoned new Primed TNT]
[10:36:28] [Server thread/INFO]: [@: Summoned new Primed TNT]
[10:36:28] [Server thread/INFO]: [@: Summoned new Primed TNT]
[10:36:28] [Server thread/INFO]: [@: Summoned new Primed TNT]
[10:36:28] [Server thread/INFO]: [@: Summoned new Primed TNT]
[10:36:28] [Server thread/INFO]: [@: Summoned new Primed TNT]
[10:36:28] [Server thread/INFO]: [@: Summoned new Primed TNT]
[10:36:28] [Server thread/INFO]: [@: Summoned new Primed TNT]
[10:36:28] [Server thread/INFO]: [@: Summoned new Primed TNT]
[10:36:28] [Server thread/INFO]: [@: Summoned new Primed TNT]
[10:36:28] [Server thread/INFO]: [@: Summoned new Primed TNT]
[10:36:28] [Server thread/INFO]: [@: Summoned new Primed TNT]
[10:36:28] [Server thread/INFO]: [@: Summoned new Primed TNT]
[10:36:29] [Server thread/INFO]: [@: Summoned new Primed TNT]
[10:36:29] [Server thread/INFO]: [@: Summoned new Primed TNT]
[10:36:29] [Server thread/INFO]: [@: Summoned new Primed TNT]
[10:36:29] [Server thread/INFO]: [@: Summoned new Primed TNT]
[10:36:29] [Server thread/INFO]: [@: Summoned new Primed TNT]
[10:36:29] [Server thread/INFO]: [@: Summoned new Primed TNT]
[10:36:29] [Server thread/INFO]: [@: Summoned new Primed TNT]
[10:36:29] [Server thread/INFO]: [@: Summoned new Primed TNT]
[10:36:29] [Server thread/INFO]: [@: Summoned new Primed TNT]
[10:36:29] [Server thread/INFO]: [@: Summoned new Primed TNT]
[10:36:29] [Server thread/INFO]: [@: Summoned new Primed TNT]
[10:36:29] [Server thread/INFO]: [@: Summoned new Primed TNT]
[10:36:29] [Server thread/INFO]: [@: Summoned new Primed TNT]
[10:36:29] [Server thread/INFO]: [@: Summoned new Primed TNT]
[10:36:29] [Server thread/INFO]: [@: Summoned new Primed TNT]
[10:36:29] [Server thread/INFO]: [@: Summoned new Primed TNT]
[10:36:29] [Server thread/INFO]: [@: Summoned new Primed TNT]
[10:36:29] [Server thread/INFO]: [@: Summoned new Primed TNT]
[10:36:29] [Server thread/INFO]: [@: Summoned new Primed TNT]
[10:36:30] [Server thread/INFO]: [@: Summoned new Primed TNT]
[10:36:30] [Server thread/INFO]: [@: Summoned new Primed TNT]
[10:36:30] [Server thread/INFO]: [@: Summoned new Primed TNT]
[10:36:30] [Server thread/INFO]: [@: Summoned new Primed TNT]
[10:36:30] [Server thread/INFO]: [@: Summoned new Primed TNT]
[10:36:30] [Server thread/INFO]: [@: Summoned new Primed TNT]
[10:36:30] [Server thread/INFO]: [@: Summoned new Primed TNT]
[10:36:30] [Server thread/INFO]: [@: Summoned new Primed TNT]
[10:36:30] [Server thread/INFO]: [@: Summoned new Primed TNT]
[10:36:30] [Server thread/INFO]: [@: Summoned new Primed TNT]
[10:36:30] [Server thread/INFO]: [@: Summoned new Primed TNT]
[10:36:30] [Server thread/INFO]: [@: Summoned new Primed TNT]
[10:36:30] [Server thread/INFO]: [@: Summoned new Primed TNT]
[10:36:30] [Server thread/INFO]: [@: Summoned new Primed TNT]
[10:36:30] [Server thread/INFO]: [@: Summoned new Primed TNT]
[10:36:30] [Server thread/INFO]: [@: Summoned new Primed TNT]
[10:36:30] [Server thread/INFO]: [@: Summoned new Primed TNT]
[10:36:30] [Server thread/INFO]: [@: Summoned new Primed TNT]
[10:36:30] [Server thread/INFO]: [@: Summoned new Primed TNT]
[10:36:30] [Server thread/INFO]: [@: Summoned new Primed TNT]
[10:36:30] [Server thread/INFO]: [@: Summoned new Primed TNT]
[10:36:30] [Server thread/INFO]: [@: Summoned new Primed TNT]
[10:36:30] [Server thread/INFO]: [@: Summoned new Primed TNT]
[10:36:30] [Server thread/INFO]: [@: Summoned new Primed TNT]
[10:36:30] [Server thread/INFO]: [@: Summoned new Primed TNT]
[10:36:31] [Server thread/INFO]: [@: Summoned new Primed TNT]
[10:36:31] [Server thread/INFO]: [@: Summoned new Primed TNT]
[10:36:31] [Server thread/INFO]: [@: Summoned new Primed TNT]
[10:36:31] [Server thread/INFO]: [@: Summoned new Primed TNT]
[10:36:31] [Server thread/INFO]: [@: Summoned new Primed TNT]
[10:36:31] [Server thread/INFO]: [@: Summoned new Primed TNT]
[10:36:31] [Server thread/INFO]: [@: Summoned new Primed TNT]
[10:36:31] [Server thread/INFO]: [@: Summoned new Primed TNT]
[10:36:31] [Server thread/INFO]: [@: Summoned new Primed TNT]
[10:36:31] [Server thread/INFO]: [@: Summoned new Primed TNT]
[10:36:31] [Server thread/INFO]: [@: Summoned new Primed TNT]
[10:36:31] [Server thread/INFO]: [@: Summoned new Primed TNT]
[10:36:31] [Server thread/INFO]: [@: Summoned new Primed TNT]
[10:36:31] [Server thread/INFO]: [@: Summoned new Primed TNT]
[10:36:31] [Server thread/INFO]: [@: Summoned new Primed TNT]
[10:36:31] [Server thread/INFO]: [@: Summoned new Primed TNT]
[10:36:31] [Server thread/INFO]: [@: Summoned new Primed TNT]
[10:36:31] [Server thread/INFO]: [@: Summoned new Primed TNT]
[10:36:31] [Server thread/INFO]: [@: Summoned new Primed TNT]
[10:36:31] [Server thread/INFO]: [@: Summoned new Primed TNT]
[10:36:31] [Server thread/INFO]: [@: Summoned new Primed TNT]
[10:36:31] [Server thread/INFO]: [@: Summoned new Primed TNT]
[10:36:31] [Server thread/INFO]: [@: Summoned new Primed TNT]
[10:36:31] [Server thread/INFO]: [@: Summoned new Primed TNT]
[10:36:31] [Server thread/INFO]: [@: Summoned new Primed TNT]
[10:36:31] [Server thread/INFO]: [@: Summoned new Primed TNT]
[10:36:32] [Server thread/INFO]: [@: Summoned new Primed TNT]
[10:36:32] [Server thread/INFO]: [@: Summoned new Primed TNT]
[10:36:32] [Server thread/INFO]: [@: Summoned new Primed TNT]
[10:36:32] [Server thread/INFO]: [@: Summoned new Primed TNT]
[10:36:32] [Server thread/INFO]: [@: Summoned new Primed TNT]
[10:36:32] [Server thread/INFO]: [@: Summoned new Primed TNT]
[10:36:32] [Server thread/INFO]: [@: Summoned new Primed TNT]
[10:36:32] [Server thread/INFO]: [@: Summoned new Primed TNT]
[10:36:32] [Server thread/INFO]: [@: Summoned new Primed TNT]
[10:36:32] [Server thread/INFO]: [@: Summoned new Primed TNT]
[10:36:32] [Server thread/INFO]: [@: Summoned new Primed TNT]
[10:36:32] [Server thread/INFO]: [@: Summoned new Primed TNT]
[10:36:32] [Server thread/INFO]: [@: Summoned new Primed TNT]
[10:36:32] [Server thread/INFO]: [@: Summoned new Primed TNT]
[10:36:32] [Server thread/INFO]: [@: Summoned new Primed TNT]
[10:36:32] [Server thread/INFO]: [@: Summoned new Primed TNT]
[10:36:32] [Server thread/INFO]: [@: Summoned new Primed TNT]
[10:36:32] [Server thread/INFO]: [@: Summoned new Primed TNT]
[10:36:32] [Server thread/INFO]: [@: Summoned new Primed TNT]
[10:36:32] [Server thread/INFO]: [@: Summoned new Primed TNT]
[10:36:32] [Server thread/INFO]: [@: Summoned new Primed TNT]
[10:36:32] [Server thread/INFO]: [@: Summoned new Primed TNT]
[10:36:32] [Server thread/INFO]: [@: Summoned new Primed TNT]
[10:36:32] [Server thread/INFO]: [@: Summoned new Primed TNT]
[10:36:32] [Server thread/INFO]: [@: Summoned new Primed TNT]
[10:36:32] [Server thread/INFO]: [@: Summoned new Primed TNT]
[10:36:32] [Server thread/INFO]: [@: Summoned new Primed TNT]
[10:36:32] [Server thread/INFO]: [@: Summoned new Primed TNT]
[10:36:32] [Server thread/INFO]: [@: Summoned new Primed TNT]
[10:36:32] [Server thread/INFO]: [@: Summoned new Primed TNT]
[10:36:32] [Server thread/INFO]: [@: Summoned new Primed TNT]
[10:36:33] [Server thread/INFO]: [@: Summoned new Primed TNT]
[10:36:33] [Server thread/INFO]: [@: Summoned new Primed TNT]
[10:36:33] [Server thread/INFO]: [@: Summoned new Primed TNT]
[10:36:33] [Server thread/INFO]: [@: Summoned new Primed TNT]
[10:36:33] [Server thread/INFO]: [@: Summoned new Primed TNT]
[10:36:33] [Server thread/INFO]: [@: Summoned new Primed TNT]
[10:36:33] [Server thread/INFO]: [@: Summoned new Primed TNT]
[10:36:33] [Server thread/INFO]: [@: Summoned new Primed TNT]
[10:36:33] [Server thread/INFO]: [@: Summoned new Primed TNT]
[10:36:33] [Server thread/INFO]: [@: Summoned new Primed TNT]
[10:36:33] [Server thread/INFO]: [@: Summoned new Primed TNT]
[10:36:33] [Server thread/INFO]: [@: Summoned new Primed TNT]
[10:36:33] [Server thread/INFO]: [@: Summoned new Primed TNT]
[10:36:33] [Server thread/INFO]: [@: Summoned new Primed TNT]
[10:36:33] [Server thread/INFO]: [@: Summoned new Primed TNT]
[10:36:33] [Server thread/INFO]: [@: Summoned new Primed TNT]
[10:36:33] [Server thread/INFO]: [@: Summoned new Primed TNT]
[10:36:33] [Server thread/INFO]: [@: Summoned new Primed TNT]
[10:36:33] [Server thread/INFO]: [@: Summoned new Primed TNT]
[10:36:33] [Server thread/INFO]: [@: Summoned new Primed TNT]
[10:36:33] [Server thread/INFO]: [@: Summoned new Primed TNT]
[10:36:33] [Server thread/INFO]: [@: Summoned new Primed TNT]
[10:36:33] [Server thread/INFO]: [@: Summoned new Primed TNT]
[10:36:34] [Server thread/INFO]: [@: Summoned new Primed TNT]
[10:36:34] [Server thread/INFO]: [@: Summoned new Primed TNT]
[10:36:34] [Server thread/INFO]: [@: Summoned new Primed TNT]
[10:36:34] [Server thread/INFO]: [@: Summoned new Primed TNT]
[10:36:34] [Server thread/INFO]: [@: Summoned new Primed TNT]
[10:36:34] [Server thread/INFO]: [@: Summoned new Primed TNT]
[10:36:34] [Server thread/INFO]: [@: Summoned new Primed TNT]
[10:36:34] [Server thread/INFO]: [@: Summoned new Primed TNT]
[10:36:34] [Server thread/INFO]: [@: Summoned new Primed TNT]
[10:36:34] [Server thread/INFO]: [@: Summoned new Primed TNT]
[10:36:34] [Server thread/INFO]: [@: Summoned new Primed TNT]
[10:36:34] [Server thread/INFO]: [@: Summoned new Primed TNT]
[10:36:34] [Server thread/INFO]: [@: Summoned new Primed TNT]
[10:36:34] [Server thread/INFO]: [@: Summoned new Primed TNT]
[10:36:34] [Server thread/INFO]: [@: Summoned new Primed TNT]
[10:36:34] [Server thread/INFO]: [@: Summoned new Primed TNT]
[10:36:34] [Server thread/INFO]: [@: Summoned new Primed TNT]
[10:36:34] [Server thread/INFO]: [@: Summoned new Primed TNT]
[10:36:34] [Server thread/INFO]: [@: Summoned new Primed TNT]
[10:36:34] [Server thread/INFO]: [@: Summoned new Primed TNT]
[10:36:35] [Server thread/INFO]: [@: Summoned new Primed TNT]
[10:36:35] [Server thread/INFO]: [@: Summoned new Primed TNT]
[10:36:35] [Server thread/INFO]: [@: Summoned new Primed TNT]
[10:36:35] [Server thread/INFO]: [@: Summoned new Primed TNT]
[10:36:35] [Server thread/INFO]: [@: Summoned new Primed TNT]
[10:36:35] [Server thread/INFO]: [@: Summoned new Primed TNT]
[10:36:35] [Server thread/INFO]: [@: Summoned new Primed TNT]
[10:36:35] [Server thread/INFO]: [@: Summoned new Primed TNT]
[10:36:35] [Server thread/INFO]: [@: Summoned new Primed TNT]
[10:36:35] [Server thread/INFO]: [@: Summoned new Primed TNT]
[10:36:35] [Server thread/INFO]: [@: Summoned new Primed TNT]
[10:36:35] [Server thread/INFO]: [@: Summoned new Primed TNT]
[10:36:35] [Server thread/INFO]: [@: Summoned new Primed TNT]
[10:36:35] [Server thread/INFO]: [@: Summoned new Primed TNT]
[10:36:35] [Server thread/INFO]: [@: Summoned new Primed TNT]
[10:36:35] [Server thread/INFO]: [@: Summoned new Primed TNT]
[10:36:35] [Server thread/INFO]: [@: Summoned new Primed TNT]
[10:36:35] [Server thread/INFO]: [@: Summoned new Primed TNT]
[10:36:35] [Server thread/INFO]: [@: Summoned new Primed TNT]
[10:36:35] [Server thread/INFO]: [@: Summoned new Primed TNT]
[10:36:36] [Server thread/INFO]: [@: Summoned new Primed TNT]
[10:36:36] [Server thread/INFO]: [@: Summoned new Primed TNT]
[10:36:36] [Server thread/INFO]: [@: Summoned new Primed TNT]
[10:36:36] [Server thread/INFO]: [@: Summoned new Primed TNT]
[10:36:36] [Server thread/INFO]: [@: Summoned new Primed TNT]
[10:36:36] [Server thread/INFO]: [@: Summoned new Primed TNT]
[10:36:36] [Server thread/INFO]: [@: Summoned new Primed TNT]
[10:36:36] [Server thread/INFO]: [@: Summoned new Primed TNT]
[10:36:36] [Server thread/INFO]: [@: Summoned new Primed TNT]
[10:36:36] [Server thread/INFO]: [@: Summoned new Primed TNT]
[10:36:36] [Server thread/INFO]: [@: Summoned new Primed TNT]
[10:36:36] [Server thread/INFO]: [@: Summoned new Primed TNT]
[10:36:36] [Server thread/INFO]: [@: Summoned new Primed TNT]
[10:36:36] [Server thread/INFO]: [@: Summoned new Primed TNT]
[10:36:36] [Server thread/INFO]: [@: Summoned new Primed TNT]
[10:36:36] [Server thread/INFO]: [@: Summoned new Primed TNT]
[10:36:36] [Server thread/INFO]: [@: Summoned new Primed TNT]
[10:36:36] [Server thread/INFO]: [@: Summoned new Primed TNT]
[10:36:36] [Server thread/INFO]: [@: Summoned new Primed TNT]
[10:36:36] [Server thread/INFO]: [@: Summoned new Primed TNT]
[10:36:37] [Server thread/INFO]: [@: Summoned new Primed TNT]
[10:36:37] [Server thread/INFO]: [@: Summoned new Primed TNT]
[10:36:37] [Server thread/INFO]: [@: Summoned new Primed TNT]
[10:36:37] [Server thread/INFO]: [@: Summoned new Primed TNT]
[10:36:37] [Server thread/INFO]: [@: Summoned new Primed TNT]
[10:36:37] [Server thread/INFO]: [@: Summoned new Primed TNT]
[10:36:37] [Server thread/INFO]: [@: Summoned new Primed TNT]
[10:36:37] [Server thread/INFO]: [@: Summoned new Primed TNT]
[10:36:37] [Server thread/INFO]: [@: Summoned new Primed TNT]
[10:36:37] [Server thread/INFO]: [@: Summoned new Primed TNT]
[10:36:37] [Server thread/INFO]: [@: Summoned new Primed TNT]
[10:36:37] [Server thread/INFO]: [@: Summoned new Primed TNT]
[10:36:37] [Server thread/INFO]: [@: Summoned new Primed TNT]
[10:36:37] [Server thread/INFO]: [@: Summoned new Primed TNT]
[10:36:37] [Server thread/INFO]: [@: Summoned new Primed TNT]
[10:36:37] [Server thread/INFO]: [@: Summoned new Primed TNT]
[10:36:37] [Server thread/INFO]: [@: Summoned new Primed TNT]
[10:36:37] [Server thread/INFO]: [@: Summoned new Primed TNT]
[10:36:38] [Server thread/INFO]: [@: Summoned new Primed TNT]
[10:36:38] [Server thread/INFO]: [@: Summoned new Primed TNT]
[10:36:38] [Server thread/INFO]: [@: Summoned new Primed TNT]
[10:36:38] [Server thread/INFO]: [@: Summoned new Primed TNT]
[10:36:38] [Server thread/INFO]: [@: Summoned new Primed TNT]
[10:36:41] [Server thread/WARN]: Can't keep up! Is the server overloaded? Running 3191ms or 63 ticks behind
[10:36:41] [Server thread/INFO]: [@: Summoned new Primed TNT]
[10:36:41] [Server thread/INFO]: [@: Summoned new Primed TNT]
[10:36:41] [Server thread/INFO]: [@: Summoned new Primed TNT]
[10:36:41] [Server thread/INFO]: [@: Summoned new Primed TNT]
[10:36:41] [Server thread/INFO]: [@: Summoned new Primed TNT]
[10:36:41] [Server thread/INFO]: [@: Summoned new Primed TNT]
[10:36:41] [Server thread/INFO]: [@: Summoned new Primed TNT]
[10:36:41] [Server thread/INFO]: [@: Summoned new Primed TNT]
[10:36:41] [Server thread/INFO]: [@: Summoned new Primed TNT]
[10:36:41] [Server thread/INFO]: [@: Summoned new Primed TNT]
[10:36:41] [Server thread/INFO]: [@: Summoned new Primed TNT]
[10:36:41] [Server thread/INFO]: [@: Summoned new Primed TNT]
[10:36:41] [Server thread/INFO]: [@: Summoned new Primed TNT]
[10:36:41] [Server thread/INFO]: [@: Summoned new Primed TNT]
[10:36:42] [Server thread/INFO]: [@: Summoned new Primed TNT]
[10:36:42] [Server thread/INFO]: [@: Summoned new Primed TNT]
[10:36:42] [Server thread/INFO]: [@: Summoned new Primed TNT]
[10:36:42] [Server thread/INFO]: [@: Summoned new Primed TNT]
[10:36:42] [Server thread/INFO]: [@: Summoned new Primed TNT]
[10:36:42] [Server thread/INFO]: [@: Summoned new Primed TNT]
[10:36:42] [Server thread/INFO]: [@: Summoned new Primed TNT]
[10:36:42] [Server thread/INFO]: [@: Summoned new Primed TNT]
[10:36:42] [Server thread/INFO]: [@: Summoned new Primed TNT]
[10:36:42] [Server thread/INFO]: [@: Summoned new Primed TNT]
[10:36:42] [Server thread/INFO]: [@: Summoned new Primed TNT]
[10:36:42] [Server thread/INFO]: [@: Summoned new Primed TNT]
[10:36:42] [Server thread/INFO]: [@: Summoned new Primed TNT]
[10:36:42] [Server thread/INFO]: [@: Summoned new Primed TNT]
[10:36:42] [Server thread/INFO]: [@: Summoned new Primed TNT]
[10:36:42] [Server thread/INFO]: [@: Summoned new Primed TNT]
[10:36:42] [Server thread/INFO]: [@: Summoned new Primed TNT]
[10:36:42] [Server thread/INFO]: [@: Summoned new Primed TNT]
[10:36:42] [Server thread/INFO]: [@: Summoned new Primed TNT]
[10:36:42] [Server thread/INFO]: [@: Summoned new Primed TNT]
[10:36:42] [Server thread/INFO]: [@: Summoned new Primed TNT]
[10:36:42] [Server thread/INFO]: [@: Summoned new Primed TNT]
[10:36:42] [Server thread/INFO]: [@: Summoned new Primed TNT]
[10:36:43] [Server thread/INFO]: [@: Summoned new Primed TNT]
[10:36:43] [Server thread/INFO]: [@: Summoned new Primed TNT]
[10:36:43] [Server thread/INFO]: [@: Summoned new Primed TNT]
[10:36:43] [Server thread/INFO]: [@: Summoned new Primed TNT]
[10:36:43] [Server thread/INFO]: [@: Summoned new Primed TNT]
[10:36:43] [Server thread/INFO]: [@: Summoned new Primed TNT]
[10:36:43] [Server thread/INFO]: [@: Summoned new Primed TNT]
[10:36:43] [Server thread/INFO]: [@: Summoned new Primed TNT]
[10:36:43] [Server thread/INFO]: [@: Summoned new Primed TNT]
[10:36:43] [Server thread/INFO]: [@: Summoned new Primed TNT]
[10:36:43] [Server thread/INFO]: [@: Summoned new Primed TNT]
[10:36:43] [Server thread/INFO]: [@: Summoned new Primed TNT]
[10:36:43] [Server thread/INFO]: [@: Summoned new Primed TNT]
[10:36:43] [Server thread/INFO]: [@: Summoned new Primed TNT]
[10:36:43] [Server thread/INFO]: [@: Summoned new Primed TNT]
[10:36:43] [Server thread/INFO]: [@: Summoned new Primed TNT]
[10:36:43] [Server thread/INFO]: [@: Summoned new Primed TNT]
[10:36:43] [Server thread/INFO]: [@: Summoned new Primed TNT]
[10:36:43] [Server thread/INFO]: [@: Summoned new Primed TNT]
[10:36:43] [Server thread/INFO]: [@: Summoned new Primed TNT]
[10:36:43] [Server thread/INFO]: [@: Summoned new Primed TNT]
[10:36:43] [Server thread/INFO]: [@: Summoned new Primed TNT]
[10:36:43] [Server thread/INFO]: [@: Summoned new Primed TNT]
[10:36:43] [Server thread/INFO]: [@: Summoned new Primed TNT]
[10:36:43] [Server thread/INFO]: [@: Summoned new Primed TNT]
[10:36:43] [Server thread/INFO]: [@: Summoned new Primed TNT]
[10:36:43] [Server thread/INFO]: [@: Summoned new Primed TNT]
[10:36:43] [Server thread/INFO]: [@: Summoned new Primed TNT]
[10:36:43] [Server thread/INFO]: [@: Summoned new Primed TNT]
[10:36:43] [Server thread/INFO]: [@: Summoned new Primed TNT]
[10:36:43] [Server thread/INFO]: [@: Summoned new Primed TNT]
[10:36:43] [Server thread/INFO]: [@: Summoned new Primed TNT]
[10:36:44] [Server thread/INFO]: [@: Summoned new Primed TNT]
[10:36:44] [Server thread/INFO]: [@: Summoned new Primed TNT]
[10:36:44] [Server thread/INFO]: [@: Summoned new Primed TNT]
[10:36:44] [Server thread/INFO]: [@: Summoned new Primed TNT]
[10:36:44] [Server thread/INFO]: [@: Summoned new Primed TNT]
[10:36:44] [Server thread/INFO]: [@: Summoned new Primed TNT]
[10:36:44] [Server thread/INFO]: [@: Summoned new Primed TNT]
[10:36:44] [Server thread/INFO]: [@: Summoned new Primed TNT]
[10:36:44] [Server thread/INFO]: [@: Summoned new Primed TNT]
[10:36:44] [Server thread/INFO]: [@: Summoned new Primed TNT]
[10:36:44] [Server thread/INFO]: [@: Summoned new Primed TNT]
[10:36:44] [Server thread/INFO]: [@: Summoned new Primed TNT]
[10:36:44] [Server thread/INFO]: [@: Summoned new Primed TNT]
[10:36:44] [Server thread/INFO]: [@: Summoned new Primed TNT]
[10:36:44] [Server thread/INFO]: [@: Summoned new Primed TNT]
[10:36:44] [Server thread/INFO]: [@: Summoned new Primed TNT]
[10:36:44] [Server thread/INFO]: [@: Summoned new Primed TNT]
[10:36:44] [Server thread/INFO]: [@: Summoned new Primed TNT]
[10:36:44] [Server thread/INFO]: [@: Summoned new Primed TNT]
[10:36:44] [Server thread/INFO]: [@: Summoned new Primed TNT]
[10:36:45] [Server thread/INFO]: [@: Summoned new Primed TNT]
[10:36:45] [Server thread/INFO]: [@: Summoned new Primed TNT]
[10:36:45] [Server thread/INFO]: [@: Summoned new Primed TNT]
[10:36:45] [Server thread/INFO]: [@: Summoned new Primed TNT]
[10:36:45] [Server thread/INFO]: [@: Summoned new Primed TNT]
[10:36:45] [Server thread/INFO]: [@: Summoned new Primed TNT]
[10:36:45] [Server thread/INFO]: [@: Summoned new Primed TNT]
[10:36:45] [Server thread/INFO]: [@: Summoned new Primed TNT]
[10:36:45] [Server thread/INFO]: [@: Summoned new Primed TNT]
[10:36:45] [Server thread/INFO]: [@: Summoned new Primed TNT]
[10:36:45] [Server thread/INFO]: [@: Summoned new Primed TNT]
[10:36:45] [Server thread/INFO]: [@: Summoned new Primed TNT]
[10:36:45] [Server thread/INFO]: [@: Summoned new Primed TNT]
[10:36:45] [Server thread/INFO]: [@: Summoned new Primed TNT]
[10:36:45] [Server thread/INFO]: [@: Summoned new Primed TNT]
[10:36:45] [Server thread/INFO]: [@: Summoned new Primed TNT]
[10:36:45] [Server thread/INFO]: [@: Summoned new Primed TNT]
[10:36:45] [Server thread/INFO]: [@: Summoned new Primed TNT]
[10:36:45] [Server thread/INFO]: [@: Summoned new Primed TNT]
[10:36:45] [Server thread/INFO]: [@: Summoned new Primed TNT]
[10:36:46] [Server thread/INFO]: [@: Summoned new Primed TNT]
[10:36:46] [Server thread/INFO]: [@: Summoned new Primed TNT]
[10:36:46] [Server thread/INFO]: [@: Summoned new Primed TNT]
[10:36:46] [Server thread/INFO]: [@: Summoned new Primed TNT]
[10:36:46] [Server thread/INFO]: [@: Summoned new Primed TNT]
[10:36:46] [Server thread/INFO]: [@: Summoned new Primed TNT]
[10:36:46] [Server thread/INFO]: [@: Summoned new Primed TNT]
[10:36:46] [Server thread/INFO]: [@: Summoned new Primed TNT]
[10:36:46] [Server thread/INFO]: [@: Summoned new Primed TNT]
[10:36:46] [Server thread/INFO]: [@: Summoned new Primed TNT]
[10:36:46] [Server thread/INFO]: [@: Summoned new Primed TNT]
[10:36:46] [Server thread/INFO]: [@: Summoned new Primed TNT]
[10:36:46] [Server thread/INFO]: [@: Summoned new Primed TNT]
[10:36:46] [Server thread/INFO]: [@: Summoned new Primed TNT]
[10:36:46] [Server thread/INFO]: [@: Summoned new Primed TNT]
[10:36:46] [Server thread/INFO]: [@: Summoned new Primed TNT]
[10:36:46] [Server thread/INFO]: [@: Summoned new Primed TNT]
[10:36:46] [Server thread/INFO]: [@: Summoned new Primed TNT]
[10:36:46] [Server thread/INFO]: [@: Summoned new Primed TNT]
[10:36:46] [Server thread/INFO]: [@: Summoned new Primed TNT]
[10:36:47] [Server thread/INFO]: [@: Summoned new Primed TNT]
[10:36:47] [Server thread/INFO]: [@: Summoned new Primed TNT]
[10:36:47] [Server thread/INFO]: [@: Summoned new Primed TNT]
[10:36:47] [Server thread/INFO]: [@: Summoned new Primed TNT]
[10:36:47] [Server thread/INFO]: [@: Summoned new Primed TNT]
[10:36:47] [Server thread/INFO]: [@: Summoned new Primed TNT]
[10:36:47] [Server thread/INFO]: [@: Summoned new Primed TNT]
[10:36:47] [Server thread/INFO]: [@: Summoned new Primed TNT]
[10:36:47] [Server thread/INFO]: [@: Summoned new Primed TNT]
[10:36:47] [Server thread/INFO]: [@: Summoned new Primed TNT]
[10:36:47] [Server thread/INFO]: [@: Summoned new Primed TNT]
[10:36:47] [Server thread/INFO]: [@: Summoned new Primed TNT]
[10:36:47] [Server thread/INFO]: [@: Summoned new Primed TNT]
[10:36:47] [Server thread/INFO]: [@: Summoned new Primed TNT]
[10:36:47] [Server thread/INFO]: [@: Summoned new Primed TNT]
[10:36:47] [Server thread/INFO]: [@: Summoned new Primed TNT]
[10:36:47] [Server thread/INFO]: [@: Summoned new Primed TNT]
[10:36:47] [Server thread/INFO]: [@: Summoned new Primed TNT]
[10:36:47] [Server thread/INFO]: [@: Summoned new Primed TNT]
[10:36:48] [Server thread/INFO]: [@: Summoned new Primed TNT]
[10:36:48] [Server thread/INFO]: [@: Summoned new Primed TNT]
[10:36:48] [Server thread/INFO]: [@: Summoned new Primed TNT]
[10:36:48] [Server thread/INFO]: [@: Summoned new Primed TNT]
[10:36:48] [Server thread/INFO]: [@: Summoned new Primed TNT]
[10:36:48] [Server thread/INFO]: [@: Summoned new Primed TNT]
[10:36:48] [Server thread/INFO]: [@: Summoned new Primed TNT]
[10:36:48] [Server thread/INFO]: [@: Summoned new Primed TNT]
[10:36:48] [Server thread/INFO]: [@: Summoned new Primed TNT]
[10:36:48] [Server thread/INFO]: [chira1785: Teleported chira1785 to ThroneS]
[10:36:48] [Server thread/INFO]: [@: Summoned new Primed TNT]
[10:36:48] [Server thread/INFO]: [@: Summoned new Primed TNT]
[10:36:54] [Server thread/INFO]: [@: Summoned new Primed TNT]
[10:36:54] [Server thread/INFO]: [@: Summoned new Primed TNT]
[10:36:54] [Server thread/INFO]: [@: Summoned new Primed TNT]
[10:36:54] [Server thread/INFO]: [@: Summoned new Primed TNT]
[10:36:54] [Server thread/INFO]: [@: Summoned new Primed TNT]
[10:36:54] [Server thread/INFO]: [@: Summoned new Primed TNT]
[10:36:54] [Server thread/INFO]: [@: Summoned new Primed TNT]
[10:36:55] [Server thread/INFO]: [@: Summoned new Primed TNT]
[10:36:55] [Server thread/INFO]: [@: Summoned new Primed TNT]
[10:36:55] [Server thread/INFO]: [@: Summoned new Primed TNT]
[10:36:55] [Server thread/INFO]: [@: Summoned new Primed TNT]
[10:36:55] [Server thread/INFO]: [@: Summoned new Primed TNT]
[10:36:55] [Server thread/INFO]: [@: Summoned new Primed TNT]
[10:36:55] [Server thread/INFO]: [@: Summoned new Primed TNT]
[10:36:55] [Server thread/INFO]: [@: Summoned new Primed TNT]
[10:36:55] [Server thread/INFO]: [@: Summoned new Primed TNT]
[10:36:55] [Server thread/INFO]: [@: Summoned new Primed TNT]
[10:36:55] [Server thread/INFO]: [@: Summoned new Primed TNT]
[10:36:55] [Server thread/INFO]: [@: Summoned new Primed TNT]
[10:36:55] [Server thread/INFO]: [@: Summoned new Primed TNT]
[10:36:55] [Server thread/INFO]: [@: Summoned new Primed TNT]
[10:36:55] [Server thread/INFO]: [@: Summoned new Primed TNT]
[10:36:55] [Server thread/INFO]: [@: Summoned new Primed TNT]
[10:36:55] [Server thread/INFO]: [@: Summoned new Primed TNT]
[10:36:55] [Server thread/INFO]: [@: Summoned new Primed TNT]
[10:36:55] [Server thread/INFO]: [@: Summoned new Primed TNT]
[10:36:55] [Server thread/INFO]: [@: Summoned new Primed TNT]
[10:37:13] [Server thread/INFO]: [chira1785: Teleported chira1785 to ThroneS]
[10:37:31] [Server thread/INFO]: Locating element minecraft:ancient_city took 15 ms
[10:37:42] [Server thread/INFO]: [chira1785: Teleported chira1785 to 96.500000, 93.006834, 512.500000]
[10:37:52] [Server thread/INFO]: [@: Summoned new Primed TNT]
[10:37:52] [Server thread/INFO]: [@: Summoned new Primed TNT]
[10:37:53] [Server thread/INFO]: [ThroneS: Teleported ThroneS to chira1785]
[10:37:55] [Server thread/INFO]: [@: Summoned new Primed TNT]
[10:37:57] [Server thread/INFO]: [@: Summoned new Primed TNT]
[10:37:57] [Server thread/INFO]: [@: Summoned new Primed TNT]
[10:37:57] [Server thread/INFO]: [@: Summoned new Primed TNT]
[10:37:57] [Server thread/INFO]: [@: Summoned new Primed TNT]
[10:37:57] [Server thread/INFO]: [@: Summoned new Primed TNT]
[10:37:57] [Server thread/INFO]: [@: Summoned new Primed TNT]
[10:37:58] [Server thread/INFO]: [@: Summoned new Primed TNT]
[10:38:16] [Server thread/INFO]: [@: Summoned new Primed TNT]
[10:38:16] [Server thread/INFO]: [@: Summoned new Primed TNT]
[10:38:16] [Server thread/INFO]: [@: Summoned new Primed TNT]
[10:38:16] [Server thread/INFO]: [@: Summoned new Primed TNT]
[10:38:16] [Server thread/INFO]: [@: Summoned new Primed TNT]
[10:38:16] [Server thread/INFO]: [@: Summoned new Primed TNT]
[10:38:16] [Server thread/INFO]: [@: Summoned new Primed TNT]
[10:38:16] [Server thread/INFO]: [@: Summoned new Primed TNT]
[10:38:16] [Server thread/INFO]: [@: Summoned new Primed TNT]
[10:38:16] [Server thread/INFO]: [@: Summoned new Primed TNT]
[10:38:17] [Server thread/WARN]: chira1785 moved too quickly! -0.8728098218211926,0.0,-11.01074340234345
[10:38:17] [Server thread/INFO]: [@: Summoned new Primed TNT]
[10:38:29] [Server thread/INFO]: [@: Summoned new Primed TNT]
[10:38:29] [Server thread/INFO]: [@: Summoned new Primed TNT]
[10:38:29] [Server thread/INFO]: [@: Summoned new Primed TNT]
[10:38:29] [Server thread/INFO]: [@: Summoned new Primed TNT]
[10:38:29] [Server thread/INFO]: [@: Summoned new Primed TNT]
[10:38:29] [Server thread/INFO]: [@: Summoned new Primed TNT]
[10:38:29] [Server thread/INFO]: [@: Summoned new Primed TNT]
[10:38:29] [Server thread/INFO]: [@: Summoned new Primed TNT]
[10:38:29] [Server thread/INFO]: [chira1785: Teleported chira1785 to ThroneS]
[10:38:29] [Server thread/INFO]: [@: Summoned new Primed TNT]
[10:38:29] [Server thread/INFO]: [@: Summoned new Primed TNT]
[10:38:30] [Server thread/INFO]: [@: Summoned new Primed TNT]
[10:38:30] [Server thread/INFO]: [@: Summoned new Primed TNT]
[10:38:30] [Server thread/INFO]: [@: Summoned new Primed TNT]
[10:38:30] [Server thread/INFO]: [@: Summoned new Primed TNT]
[10:38:30] [Server thread/INFO]: [@: Summoned new Primed TNT]
[10:38:30] [Server thread/INFO]: [@: Summoned new Primed TNT]
[10:38:30] [Server thread/INFO]: [@: Summoned new Primed TNT]
[10:38:30] [Server thread/INFO]: [@: Summoned new Primed TNT]
[10:38:30] [Server thread/INFO]: [@: Summoned new Primed TNT]
[10:38:30] [Server thread/INFO]: [@: Summoned new Primed TNT]
[10:38:30] [Server thread/INFO]: [@: Summoned new Primed TNT]
[10:38:30] [Server thread/INFO]: [@: Summoned new Primed TNT]
[10:38:30] [Server thread/INFO]: [@: Summoned new Primed TNT]
[10:38:30] [Server thread/INFO]: [@: Summoned new Primed TNT]
[10:38:30] [Server thread/INFO]: [@: Summoned new Primed TNT]
[10:38:30] [Server thread/INFO]: [@: Summoned new Primed TNT]
[10:38:30] [Server thread/INFO]: [@: Summoned new Primed TNT]
[10:38:30] [Server thread/INFO]: [@: Summoned new Primed TNT]
[10:38:30] [Server thread/INFO]: [@: Summoned new Primed TNT]
[10:38:30] [Server thread/INFO]: [@: Summoned new Primed TNT]
[10:38:31] [Server thread/INFO]: [@: Summoned new Primed TNT]
[10:38:31] [Server thread/INFO]: [@: Summoned new Primed TNT]
[10:38:41] [Server thread/INFO]: [@: Summoned new Primed TNT]
[10:38:41] [Server thread/INFO]: [@: Summoned new Primed TNT]
[10:38:41] [Server thread/INFO]: [@: Summoned new Primed TNT]
[10:38:41] [Server thread/INFO]: [@: Summoned new Primed TNT]
[10:38:41] [Server thread/INFO]: [@: Summoned new Primed TNT]
[10:38:41] [Server thread/INFO]: [@: Summoned new Primed TNT]
[10:38:41] [Server thread/INFO]: [@: Summoned new Primed TNT]
[10:38:41] [Server thread/INFO]: [@: Summoned new Primed TNT]
[10:38:41] [Server thread/INFO]: [@: Summoned new Primed TNT]
[10:38:41] [Server thread/INFO]: [@: Summoned new Primed TNT]
[10:38:41] [Server thread/INFO]: [@: Summoned new Primed TNT]
[10:38:41] [Server thread/INFO]: [@: Summoned new Primed TNT]
[10:38:41] [Server thread/INFO]: [@: Summoned new Primed TNT]
[10:38:41] [Server thread/INFO]: [@: Summoned new Primed TNT]
[10:38:41] [Server thread/INFO]: [@: Summoned new Primed TNT]
[10:38:41] [Server thread/INFO]: [@: Summoned new Primed TNT]
[10:38:41] [Server thread/INFO]: [@: Summoned new Primed TNT]
[10:38:41] [Server thread/INFO]: [@: Summoned new Primed TNT]
[10:38:42] [Server thread/INFO]: [@: Summoned new Primed TNT]
[10:38:42] [Server thread/INFO]: [@: Summoned new Primed TNT]
[10:38:42] [Server thread/INFO]: [@: Summoned new Primed TNT]
[10:38:42] [Server thread/INFO]: [@: Summoned new Primed TNT]
[10:38:42] [Server thread/INFO]: [@: Summoned new Primed TNT]
[10:38:42] [Server thread/INFO]: [@: Summoned new Primed TNT]
[10:38:42] [Server thread/INFO]: [@: Summoned new Primed TNT]
[10:38:42] [Server thread/INFO]: [@: Summoned new Primed TNT]
[10:38:42] [Server thread/INFO]: [@: Summoned new Primed TNT]
[10:38:42] [Server thread/INFO]: [@: Summoned new Primed TNT]
[10:38:42] [Server thread/INFO]: [@: Summoned new Primed TNT]
[10:38:42] [Server thread/INFO]: [@: Summoned new Primed TNT]
[10:38:42] [Server thread/INFO]: [@: Summoned new Primed TNT]
[10:38:42] [Server thread/INFO]: [@: Summoned new Primed TNT]
[10:38:42] [Server thread/INFO]: [@: Summoned new Primed TNT]
[10:38:42] [Server thread/INFO]: [@: Summoned new Primed TNT]
[10:38:43] [Server thread/INFO]: [@: Summoned new Primed TNT]
[10:38:43] [Server thread/INFO]: [@: Summoned new Primed TNT]
[10:38:43] [Server thread/INFO]: [@: Summoned new Primed TNT]
[10:38:43] [Server thread/INFO]: [@: Summoned new Primed TNT]
[10:38:43] [Server thread/INFO]: [@: Summoned new Primed TNT]
[10:38:43] [Server thread/INFO]: [@: Summoned new Primed TNT]
[10:38:43] [Server thread/INFO]: [@: Summoned new Primed TNT]
[10:38:43] [Server thread/INFO]: [@: Summoned new Primed TNT]
[10:38:43] [Server thread/INFO]: [@: Summoned new Primed TNT]
[10:38:43] [Server thread/INFO]: [@: Summoned new Primed TNT]
[10:38:43] [Server thread/INFO]: [@: Summoned new Primed TNT]
[10:38:43] [Server thread/INFO]: [@: Summoned new Primed TNT]
[10:38:43] [Server thread/INFO]: [@: Summoned new Primed TNT]
[10:38:43] [Server thread/INFO]: [@: Summoned new Primed TNT]
[10:38:43] [Server thread/INFO]: [@: Summoned new Primed TNT]
[10:38:43] [Server thread/INFO]: [@: Summoned new Primed TNT]
[10:38:43] [Server thread/INFO]: [@: Summoned new Primed TNT]
[10:38:43] [Server thread/INFO]: [@: Summoned new Primed TNT]
[10:38:43] [Server thread/INFO]: [@: Summoned new Primed TNT]
[10:38:43] [Server thread/INFO]: [@: Summoned new Primed TNT]
[10:38:44] [Server thread/INFO]: [@: Summoned new Primed TNT]
[10:38:44] [Server thread/INFO]: [@: Summoned new Primed TNT]
[10:38:44] [Server thread/INFO]: [@: Summoned new Primed TNT]
[10:38:44] [Server thread/INFO]: [@: Summoned new Primed TNT]
[10:38:44] [Server thread/INFO]: [@: Summoned new Primed TNT]
[10:38:44] [Server thread/INFO]: [@: Summoned new Primed TNT]
[10:38:44] [Server thread/INFO]: [@: Summoned new Primed TNT]
[10:38:44] [Server thread/INFO]: [@: Summoned new Primed TNT]
[10:38:44] [Server thread/INFO]: [@: Summoned new Primed TNT]
[10:38:44] [Server thread/INFO]: [@: Summoned new Primed TNT]
[10:38:44] [Server thread/INFO]: [@: Summoned new Primed TNT]
[10:38:44] [Server thread/INFO]: [@: Summoned new Primed TNT]
[10:38:44] [Server thread/INFO]: [@: Summoned new Primed TNT]
[10:38:44] [Server thread/INFO]: [@: Summoned new Primed TNT]
[10:38:44] [Server thread/INFO]: [@: Summoned new Primed TNT]
[10:38:44] [Server thread/INFO]: [@: Summoned new Primed TNT]
[10:38:44] [Server thread/INFO]: [@: Summoned new Primed TNT]
[10:38:44] [Server thread/INFO]: [@: Summoned new Primed TNT]
[10:38:44] [Server thread/INFO]: [@: Summoned new Primed TNT]
[10:38:45] [Server thread/INFO]: [@: Summoned new Primed TNT]
[10:38:45] [Server thread/INFO]: [@: Summoned new Primed TNT]
[10:38:45] [Server thread/INFO]: [@: Summoned new Primed TNT]
[10:38:45] [Server thread/INFO]: [@: Summoned new Primed TNT]
[10:38:45] [Server thread/INFO]: [@: Summoned new Primed TNT]
[10:38:45] [Server thread/INFO]: [@: Summoned new Primed TNT]
[10:38:45] [Server thread/INFO]: [@: Summoned new Primed TNT]
[10:38:45] [Server thread/INFO]: [@: Summoned new Primed TNT]
[10:38:45] [Server thread/INFO]: [@: Summoned new Primed TNT]
[10:38:45] [Server thread/INFO]: [@: Summoned new Primed TNT]
[10:38:45] [Server thread/INFO]: [@: Summoned new Primed TNT]
[10:38:45] [Server thread/INFO]: [@: Summoned new Primed TNT]
[10:38:45] [Server thread/INFO]: [@: Summoned new Primed TNT]
[10:38:45] [Server thread/INFO]: [@: Summoned new Primed TNT]
[10:38:45] [Server thread/INFO]: [@: Summoned new Primed TNT]
[10:38:45] [Server thread/INFO]: [@: Summoned new Primed TNT]
[10:38:45] [Server thread/INFO]: [@: Summoned new Primed TNT]
[10:38:45] [Server thread/INFO]: [@: Summoned new Primed TNT]
[10:38:45] [Server thread/INFO]: [@: Summoned new Primed TNT]
[10:38:45] [Server thread/INFO]: [@: Summoned new Primed TNT]
[10:38:45] [Server thread/INFO]: [@: Summoned new Primed TNT]
[10:38:45] [Server thread/INFO]: [@: Summoned new Primed TNT]
[10:38:45] [Server thread/INFO]: [@: Summoned new Primed TNT]
[10:38:45] [Server thread/INFO]: [@: Summoned new Primed TNT]
[10:38:45] [Server thread/INFO]: [@: Summoned new Primed TNT]
[10:38:45] [Server thread/INFO]: [@: Summoned new Primed TNT]
[10:38:45] [Server thread/INFO]: [@: Summoned new Primed TNT]
[10:38:46] [Server thread/INFO]: [@: Summoned new Primed TNT]
[10:38:46] [Server thread/INFO]: [@: Summoned new Primed TNT]
[10:38:46] [Server thread/INFO]: [@: Summoned new Primed TNT]
[10:38:46] [Server thread/INFO]: [@: Summoned new Primed TNT]
[10:38:46] [Server thread/INFO]: [@: Summoned new Primed TNT]
[10:38:46] [Server thread/INFO]: [@: Summoned new Primed TNT]
[10:38:46] [Server thread/INFO]: [@: Summoned new Primed TNT]
[10:38:46] [Server thread/INFO]: [@: Summoned new Primed TNT]
[10:38:46] [Server thread/INFO]: [@: Summoned new Primed TNT]
[10:38:46] [Server thread/INFO]: [@: Summoned new Primed TNT]
[10:38:46] [Server thread/INFO]: [@: Summoned new Primed TNT]
[10:38:46] [Server thread/INFO]: [@: Summoned new Primed TNT]
[10:38:46] [Server thread/INFO]: [@: Summoned new Primed TNT]
[10:38:46] [Server thread/INFO]: [@: Summoned new Primed TNT]
[10:38:46] [Server thread/INFO]: [@: Summoned new Primed TNT]
[10:38:46] [Server thread/INFO]: [@: Summoned new Primed TNT]
[10:38:48] [Server thread/INFO]: [@: Summoned new Primed TNT]
[10:38:48] [Server thread/INFO]: [@: Summoned new Primed TNT]
[10:38:48] [Server thread/INFO]: [@: Summoned new Primed TNT]
[10:38:48] [Server thread/INFO]: [@: Summoned new Primed TNT]
[10:38:48] [Server thread/INFO]: [@: Summoned new Primed TNT]
[10:38:48] [Server thread/INFO]: [@: Summoned new Primed TNT]
[10:38:48] [Server thread/INFO]: [@: Summoned new Primed TNT]
[10:38:48] [Server thread/INFO]: [@: Summoned new Primed TNT]
[10:38:48] [Server thread/INFO]: [@: Summoned new Primed TNT]
[10:38:48] [Server thread/INFO]: [@: Summoned new Primed TNT]
[10:38:48] [Server thread/INFO]: [@: Summoned new Primed TNT]
[10:38:48] [Server thread/INFO]: [@: Summoned new Primed TNT]
[10:38:48] [Server thread/INFO]: [@: Summoned new Primed TNT]
[10:38:48] [Server thread/INFO]: [@: Summoned new Primed TNT]
[10:38:48] [Server thread/INFO]: [@: Summoned new Primed TNT]
[10:38:49] [Server thread/INFO]: [@: Summoned new Primed TNT]
[10:38:49] [Server thread/INFO]: [@: Summoned new Primed TNT]
[10:38:49] [Server thread/INFO]: [@: Summoned new Primed TNT]
[10:38:49] [Server thread/INFO]: [@: Summoned new Primed TNT]
[10:38:49] [Server thread/INFO]: [@: Summoned new Primed TNT]
[10:38:49] [Server thread/INFO]: [@: Summoned new Primed TNT]
[10:38:49] [Server thread/INFO]: [@: Summoned new Primed TNT]
[10:38:49] [Server thread/INFO]: [@: Summoned new Primed TNT]
[10:38:49] [Server thread/INFO]: [@: Summoned new Primed TNT]
[10:38:49] [Server thread/INFO]: [@: Summoned new Primed TNT]
[10:38:49] [Server thread/INFO]: [@: Summoned new Primed TNT]
[10:38:49] [Server thread/INFO]: [@: Summoned new Primed TNT]
[10:38:49] [Server thread/INFO]: [@: Summoned new Primed TNT]
[10:38:49] [Server thread/INFO]: [@: Summoned new Primed TNT]
[10:38:49] [Server thread/INFO]: [@: Summoned new Primed TNT]
[10:38:49] [Server thread/INFO]: [@: Summoned new Primed TNT]
[10:38:49] [Server thread/INFO]: [@: Summoned new Primed TNT]
[10:38:49] [Server thread/INFO]: [@: Summoned new Primed TNT]
[10:38:49] [Server thread/INFO]: [@: Summoned new Primed TNT]
[10:38:49] [Server thread/INFO]: [@: Summoned new Primed TNT]
[10:38:50] [Server thread/INFO]: [@: Summoned new Primed TNT]
[10:38:50] [Server thread/INFO]: [@: Summoned new Primed TNT]
[10:38:50] [Server thread/INFO]: [@: Summoned new Primed TNT]
[10:38:50] [Server thread/INFO]: [@: Summoned new Primed TNT]
[10:38:50] [Server thread/INFO]: [@: Summoned new Primed TNT]
[10:38:50] [Server thread/INFO]: [@: Summoned new Primed TNT]
[10:38:50] [Server thread/INFO]: [@: Summoned new Primed TNT]
[10:38:50] [Server thread/INFO]: [@: Summoned new Primed TNT]
[10:38:50] [Server thread/INFO]: [@: Summoned new Primed TNT]
[10:38:50] [Server thread/INFO]: [@: Summoned new Primed TNT]
[10:39:15] [Server thread/INFO]: chira1785 has made the advancement [Sneak 100]
[10:39:20] [Server thread/INFO]: [@: Summoned new Primed TNT]
[10:39:20] [Server thread/INFO]: [@: Summoned new Primed TNT]
[10:39:20] [Server thread/INFO]: [@: Summoned new Primed TNT]
[10:39:20] [Server thread/INFO]: [@: Summoned new Primed TNT]
[10:39:20] [Server thread/INFO]: [@: Summoned new Primed TNT]
[10:39:20] [Server thread/INFO]: [@: Summoned new Primed TNT]
[10:39:20] [Server thread/INFO]: [@: Summoned new Primed TNT]
[10:39:20] [Server thread/INFO]: [@: Summoned new Primed TNT]
[10:39:20] [Server thread/INFO]: [@: Summoned new Primed TNT]
[10:39:20] [Server thread/INFO]: [@: Summoned new Primed TNT]
[10:39:20] [Server thread/INFO]: [@: Summoned new Primed TNT]
[10:39:20] [Server thread/INFO]: [@: Summoned new Primed TNT]
[10:39:20] [Server thread/INFO]: [@: Summoned new Primed TNT]
[10:39:20] [Server thread/INFO]: [@: Summoned new Primed TNT]
[10:39:20] [Server thread/INFO]: [@: Summoned new Primed TNT]
[10:39:20] [Server thread/INFO]: [@: Summoned new Primed TNT]
[10:39:20] [Server thread/INFO]: [@: Summoned new Primed TNT]
[10:39:20] [Server thread/INFO]: [@: Summoned new Primed TNT]
[10:39:21] [Server thread/INFO]: [@: Summoned new Primed TNT]
[10:39:21] [Server thread/INFO]: [@: Summoned new Primed TNT]
[10:39:21] [Server thread/INFO]: [@: Summoned new Primed TNT]
[10:39:21] [Server thread/INFO]: [@: Summoned new Primed TNT]
[10:39:21] [Server thread/INFO]: [@: Summoned new Primed TNT]
[10:39:21] [Server thread/INFO]: [@: Summoned new Primed TNT]
[10:39:21] [Server thread/INFO]: [@: Summoned new Primed TNT]
[10:39:21] [Server thread/INFO]: [@: Summoned new Primed TNT]
[10:39:21] [Server thread/INFO]: [@: Summoned new Primed TNT]
[10:39:21] [Server thread/INFO]: [@: Summoned new Primed TNT]
[10:39:21] [Server thread/INFO]: [@: Summoned new Primed TNT]
[10:39:21] [Server thread/INFO]: [@: Summoned new Primed TNT]
[10:39:21] [Server thread/INFO]: [@: Summoned new Primed TNT]
[10:39:21] [Server thread/INFO]: [@: Summoned new Primed TNT]
[10:39:21] [Server thread/INFO]: [@: Summoned new Primed TNT]
[10:39:21] [Server thread/INFO]: [@: Summoned new Primed TNT]
[10:39:21] [Server thread/INFO]: [@: Summoned new Primed TNT]
[10:39:21] [Server thread/INFO]: [@: Summoned new Primed TNT]
[10:39:21] [Server thread/INFO]: [@: Summoned new Primed TNT]
[10:39:21] [Server thread/INFO]: [@: Summoned new Primed TNT]
[10:39:22] [Server thread/INFO]: [@: Summoned new Primed TNT]
[10:39:22] [Server thread/INFO]: [@: Summoned new Primed TNT]
[10:39:22] [Server thread/INFO]: [@: Summoned new Primed TNT]
[10:39:22] [Server thread/INFO]: [@: Summoned new Primed TNT]
[10:39:22] [Server thread/INFO]: [@: Summoned new Primed TNT]
[10:39:22] [Server thread/INFO]: [@: Summoned new Primed TNT]
[10:39:22] [Server thread/INFO]: [@: Summoned new Primed TNT]
[10:39:22] [Server thread/INFO]: [@: Summoned new Primed TNT]
[10:39:22] [Server thread/INFO]: [@: Summoned new Primed TNT]
[10:39:22] [Server thread/INFO]: [@: Summoned new Primed TNT]
[10:39:22] [Server thread/INFO]: [@: Summoned new Primed TNT]
[10:39:22] [Server thread/INFO]: [@: Summoned new Primed TNT]
[10:39:22] [Server thread/INFO]: [@: Summoned new Primed TNT]
[10:39:22] [Server thread/INFO]: [@: Summoned new Primed TNT]
[10:39:22] [Server thread/INFO]: [@: Summoned new Primed TNT]
[10:39:22] [Server thread/INFO]: [@: Summoned new Primed TNT]
[10:39:22] [Server thread/INFO]: [@: Summoned new Primed TNT]
[10:39:22] [Server thread/INFO]: [@: Summoned new Primed TNT]
[10:39:22] [Server thread/INFO]: [@: Summoned new Primed TNT]
[10:39:22] [Server thread/INFO]: [@: Summoned new Primed TNT]
[10:39:23] [Server thread/INFO]: [@: Summoned new Primed TNT]
[10:39:23] [Server thread/INFO]: [@: Summoned new Primed TNT]
[10:39:23] [Server thread/INFO]: [@: Summoned new Primed TNT]
[10:39:23] [Server thread/INFO]: [@: Summoned new Primed TNT]
[10:39:23] [Server thread/INFO]: [@: Summoned new Primed TNT]
[10:39:23] [Server thread/INFO]: [@: Summoned new Primed TNT]
[10:39:23] [Server thread/INFO]: [@: Summoned new Primed TNT]
[10:39:23] [Server thread/INFO]: [@: Summoned new Primed TNT]
[10:39:23] [Server thread/INFO]: [@: Summoned new Primed TNT]
[10:39:23] [Server thread/INFO]: [@: Summoned new Primed TNT]
[10:39:23] [Server thread/INFO]: [@: Summoned new Primed TNT]
[10:39:23] [Server thread/INFO]: [@: Summoned new Primed TNT]
[10:39:23] [Server thread/INFO]: [@: Summoned new Primed TNT]
[10:39:23] [Server thread/INFO]: [@: Summoned new Primed TNT]
[10:39:23] [Server thread/INFO]: [@: Summoned new Primed TNT]
[10:39:23] [Server thread/INFO]: [@: Summoned new Primed TNT]
[10:39:23] [Server thread/INFO]: [@: Summoned new Primed TNT]
[10:39:23] [Server thread/INFO]: [@: Summoned new Primed TNT]
[10:39:23] [Server thread/INFO]: [@: Summoned new Primed TNT]
[10:39:23] [Server thread/INFO]: [@: Summoned new Primed TNT]
[10:39:24] [Server thread/INFO]: [@: Summoned new Primed TNT]
[10:39:24] [Server thread/INFO]: [@: Summoned new Primed TNT]
[10:39:24] [Server thread/INFO]: [@: Summoned new Primed TNT]
[10:39:24] [Server thread/INFO]: [@: Summoned new Primed TNT]
[10:39:24] [Server thread/INFO]: [@: Summoned new Primed TNT]
[10:39:24] [Server thread/INFO]: [@: Summoned new Primed TNT]
[10:39:24] [Server thread/INFO]: [@: Summoned new Primed TNT]
[10:39:24] [Server thread/INFO]: [@: Summoned new Primed TNT]
[10:39:24] [Server thread/INFO]: [@: Summoned new Primed TNT]
[10:39:24] [Server thread/INFO]: [@: Summoned new Primed TNT]
[10:39:24] [Server thread/INFO]: [@: Summoned new Primed TNT]
[10:39:24] [Server thread/INFO]: [@: Summoned new Primed TNT]
[10:39:24] [Server thread/INFO]: [@: Summoned new Primed TNT]
[10:39:24] [Server thread/INFO]: [@: Summoned new Primed TNT]
[10:39:24] [Server thread/INFO]: [@: Summoned new Primed TNT]
[10:39:24] [Server thread/INFO]: [@: Summoned new Primed TNT]
[10:39:24] [Server thread/INFO]: [@: Summoned new Primed TNT]
[10:39:24] [Server thread/INFO]: [@: Summoned new Primed TNT]
[10:39:24] [Server thread/INFO]: [@: Summoned new Primed TNT]
[10:39:24] [Server thread/INFO]: [@: Summoned new Primed TNT]
[10:39:25] [Server thread/INFO]: [@: Summoned new Primed TNT]
[10:39:25] [Server thread/INFO]: [@: Summoned new Primed TNT]
[10:39:25] [Server thread/INFO]: [@: Summoned new Primed TNT]
[10:39:25] [Server thread/INFO]: [@: Summoned new Primed TNT]
[10:39:25] [Server thread/INFO]: [@: Summoned new Primed TNT]
[10:39:25] [Server thread/INFO]: [@: Summoned new Primed TNT]
[10:39:25] [Server thread/INFO]: [@: Summoned new Primed TNT]
[10:39:25] [Server thread/INFO]: [@: Summoned new Primed TNT]
[10:39:25] [Server thread/INFO]: [@: Summoned new Primed TNT]
[10:39:25] [Server thread/INFO]: [@: Summoned new Primed TNT]
[10:39:25] [Server thread/INFO]: [@: Summoned new Primed TNT]
[10:39:25] [Server thread/INFO]: [@: Summoned new Primed TNT]
[10:39:25] [Server thread/INFO]: [@: Summoned new Primed TNT]
[10:39:25] [Server thread/INFO]: [@: Summoned new Primed TNT]
[10:39:25] [Server thread/INFO]: [@: Summoned new Primed TNT]
[10:39:25] [Server thread/INFO]: [@: Summoned new Primed TNT]
[10:39:25] [Server thread/INFO]: [@: Summoned new Primed TNT]
[10:39:25] [Server thread/INFO]: [@: Summoned new Primed TNT]
[10:39:25] [Server thread/INFO]: [@: Summoned new Primed TNT]
[10:39:27] [Server thread/INFO]: [@: Summoned new Primed TNT]
[10:39:27] [Server thread/INFO]: [@: Summoned new Primed TNT]
[10:39:27] [Server thread/INFO]: [@: Summoned new Primed TNT]
[10:39:27] [Server thread/INFO]: [@: Summoned new Primed TNT]
[10:39:27] [Server thread/INFO]: [@: Summoned new Primed TNT]
[10:39:27] [Server thread/INFO]: [@: Summoned new Primed TNT]
[10:39:27] [Server thread/INFO]: [@: Summoned new Primed TNT]
[10:39:27] [Server thread/INFO]: [@: Summoned new Primed TNT]
[10:39:27] [Server thread/INFO]: [@: Summoned new Primed TNT]
[10:39:28] [Server thread/INFO]: [@: Summoned new Primed TNT]
[10:39:28] [Server thread/INFO]: [@: Summoned new Primed TNT]
[10:39:28] [Server thread/INFO]: [@: Summoned new Primed TNT]
[10:39:28] [Server thread/INFO]: [@: Summoned new Primed TNT]
[10:39:28] [Server thread/INFO]: [@: Summoned new Primed TNT]
[10:39:28] [Server thread/INFO]: [@: Summoned new Primed TNT]
[10:39:28] [Server thread/INFO]: [@: Summoned new Primed TNT]
[10:39:28] [Server thread/INFO]: [@: Summoned new Primed TNT]
[10:39:28] [Server thread/INFO]: [@: Summoned new Primed TNT]
[10:39:28] [Server thread/INFO]: [@: Summoned new Primed TNT]
[10:39:28] [Server thread/INFO]: [@: Summoned new Primed TNT]
[10:39:28] [Server thread/INFO]: [@: Summoned new Primed TNT]
[10:39:28] [Server thread/INFO]: [@: Summoned new Primed TNT]
[10:39:28] [Server thread/INFO]: [@: Summoned new Primed TNT]
[10:39:28] [Server thread/INFO]: [@: Summoned new Primed TNT]
[10:39:28] [Server thread/INFO]: [@: Summoned new Primed TNT]
[10:39:28] [Server thread/INFO]: [@: Summoned new Primed TNT]
[10:39:28] [Server thread/INFO]: [@: Summoned new Primed TNT]
[10:39:28] [Server thread/INFO]: [@: Summoned new Primed TNT]
[10:39:29] [Server thread/INFO]: [@: Summoned new Primed TNT]
[10:39:29] [Server thread/INFO]: [@: Summoned new Primed TNT]
[10:39:29] [Server thread/INFO]: [@: Summoned new Primed TNT]
[10:39:29] [Server thread/INFO]: [@: Summoned new Primed TNT]
[10:39:29] [Server thread/INFO]: [@: Summoned new Primed TNT]
[10:39:29] [Server thread/INFO]: [@: Summoned new Primed TNT]
[10:39:29] [Server thread/INFO]: [@: Summoned new Primed TNT]
[10:39:29] [Server thread/INFO]: [@: Summoned new Primed TNT]
[10:39:29] [Server thread/INFO]: [@: Summoned new Primed TNT]
[10:39:29] [Server thread/INFO]: [@: Summoned new Primed TNT]
[10:39:29] [Server thread/INFO]: [@: Summoned new Primed TNT]
[10:39:29] [Server thread/INFO]: [@: Summoned new Primed TNT]
[10:39:29] [Server thread/INFO]: [@: Summoned new Primed TNT]
[10:39:29] [Server thread/INFO]: [@: Summoned new Primed TNT]
[10:39:29] [Server thread/INFO]: [@: Summoned new Primed TNT]
[10:39:29] [Server thread/INFO]: [@: Summoned new Primed TNT]
[10:39:29] [Server thread/INFO]: [@: Summoned new Primed TNT]
[10:39:29] [Server thread/INFO]: [@: Summoned new Primed TNT]
[10:39:29] [Server thread/INFO]: [@: Summoned new Primed TNT]
[10:39:29] [Server thread/INFO]: [@: Summoned new Primed TNT]
[10:39:29] [Server thread/INFO]: [@: Summoned new Primed TNT]
[10:39:29] [Server thread/INFO]: [@: Summoned new Primed TNT]
[10:39:29] [Server thread/INFO]: [@: Summoned new Primed TNT]
[10:39:29] [Server thread/INFO]: [@: Summoned new Primed TNT]
[10:39:29] [Server thread/INFO]: [@: Summoned new Primed TNT]
[10:39:29] [Server thread/INFO]: [@: Summoned new Primed TNT]
[10:39:29] [Server thread/INFO]: [@: Summoned new Primed TNT]
[10:39:29] [Server thread/INFO]: [@: Summoned new Primed TNT]
[10:39:29] [Server thread/INFO]: [@: Summoned new Primed TNT]
[10:39:29] [Server thread/INFO]: [@: Summoned new Primed TNT]
[10:39:29] [Server thread/INFO]: [@: Summoned new Primed TNT]
[10:39:38] [Server thread/INFO]: [@: Summoned new Primed TNT]
[10:39:38] [Server thread/INFO]: [@: Summoned new Primed TNT]
[10:39:39] [Server thread/INFO]: [@: Summoned new Primed TNT]
[10:39:39] [Server thread/INFO]: [@: Summoned new Primed TNT]
[10:39:39] [Server thread/INFO]: [@: Summoned new Primed TNT]
[10:39:39] [Server thread/INFO]: [@: Summoned new Primed TNT]
[10:39:39] [Server thread/INFO]: [@: Summoned new Primed TNT]
[10:39:39] [Server thread/INFO]: [@: Summoned new Primed TNT]
[10:39:39] [Server thread/INFO]: [@: Summoned new Primed TNT]
[10:39:39] [Server thread/INFO]: [@: Summoned new Primed TNT]
[10:39:39] [Server thread/INFO]: [@: Summoned new Primed TNT]
[10:39:39] [Server thread/INFO]: [@: Summoned new Primed TNT]
[10:39:39] [Server thread/INFO]: [@: Summoned new Primed TNT]
[10:39:39] [Server thread/INFO]: [@: Summoned new Primed TNT]
[10:39:39] [Server thread/INFO]: [@: Summoned new Primed TNT]
[10:39:39] [Server thread/INFO]: [@: Summoned new Primed TNT]
[10:39:39] [Server thread/INFO]: [@: Summoned new Primed TNT]
[10:39:39] [Server thread/INFO]: [@: Summoned new Primed TNT]
[10:39:39] [Server thread/INFO]: [@: Summoned new Primed TNT]
[10:39:39] [Server thread/INFO]: [@: Summoned new Primed TNT]
[10:39:39] [Server thread/INFO]: [@: Summoned new Primed TNT]
[10:39:39] [Server thread/INFO]: [@: Summoned new Primed TNT]
[10:39:39] [Server thread/INFO]: [@: Summoned new Primed TNT]
[10:39:39] [Server thread/INFO]: [@: Summoned new Primed TNT]
[10:39:39] [Server thread/INFO]: [@: Summoned new Primed TNT]
[10:39:39] [Server thread/INFO]: [@: Summoned new Primed TNT]
[10:39:39] [Server thread/INFO]: [@: Summoned new Primed TNT]
[10:39:39] [Server thread/INFO]: [@: Summoned new Primed TNT]
[10:39:39] [Server thread/INFO]: [@: Summoned new Primed TNT]
[10:39:39] [Server thread/INFO]: [@: Summoned new Primed TNT]
[10:39:39] [Server thread/INFO]: [@: Summoned new Primed TNT]
[10:39:39] [Server thread/INFO]: [@: Summoned new Primed TNT]
[10:39:39] [Server thread/INFO]: [@: Summoned new Primed TNT]
[10:39:39] [Server thread/INFO]: [@: Summoned new Primed TNT]
[10:39:40] [Server thread/INFO]: [@: Summoned new Primed TNT]
[10:40:00] [Server thread/INFO]: Unknown game mode: servival
[10:40:00] [Server thread/INFO]: ...e servival @gamgamemod survival @a<--[HERE]
[10:40:01] [Server thread/INFO]: [@: Summoned new Primed TNT]
[10:40:01] [Server thread/INFO]: [@: Summoned new Primed TNT]
[10:40:29] [Server thread/INFO]: Set chira1785's game mode to Survival Mode
[10:40:29] [Server thread/INFO]: Set ThroneS's game mode to Survival Mode
[10:40:35] [Server thread/INFO]: [chira1785: Set own game mode to Creative Mode]
[10:40:59] [Server thread/INFO]: [ThroneS: Set own game mode to Creative Mode]
[10:43:22] [Server thread/INFO]: ThroneS has made the advancement [Spooky Scary Skeleton]
[10:43:46] [Server thread/INFO]: chira1785 has made the advancement [Withering Heights]
[10:43:46] [Server thread/INFO]: ThroneS has made the advancement [Withering Heights]
[10:43:51] [Server thread/INFO]: chira1785 has made the advancement [Spooky Scary Skeleton]
[10:45:31] [Server thread/INFO]: [chira1785: Killed 5 entities]
[10:46:29] [Server thread/INFO]: chira1785 has made the advancement [Ice Bucket Challenge]
[10:48:09] [Server thread/INFO]: ThroneS has made the advancement [Ice Bucket Challenge]
[10:49:43] [Server thread/INFO]: chira1785 has completed the challenge [Over-Overkill]
[10:49:57] [Server thread/INFO]: [chira1785: Killed 2 entities]
[10:52:05] [Server thread/INFO]: [@: Summoned new Primed TNT]
[10:52:05] [Server thread/INFO]: [@: Summoned new Primed TNT]
[10:52:05] [Server thread/INFO]: [@: Summoned new Primed TNT]
[10:52:05] [Server thread/INFO]: [@: Summoned new Primed TNT]
[10:52:05] [Server thread/INFO]: [@: Summoned new Primed TNT]
[10:52:05] [Server thread/INFO]: [@: Summoned new Primed TNT]
[10:52:05] [Server thread/INFO]: [@: Summoned new Primed TNT]
[10:52:05] [Server thread/INFO]: [@: Summoned new Primed TNT]
[10:52:05] [Server thread/INFO]: [@: Summoned new Primed TNT]
[10:52:05] [Server thread/INFO]: [@: Summoned new Primed TNT]
[10:52:06] [Server thread/INFO]: [@: Summoned new Primed TNT]
[10:52:06] [Server thread/INFO]: [@: Summoned new Primed TNT]
[10:52:06] [Server thread/INFO]: [@: Summoned new Primed TNT]
[10:52:06] [Server thread/INFO]: [@: Summoned new Primed TNT]
[10:52:06] [Server thread/INFO]: [@: Summoned new Primed TNT]
[10:52:06] [Server thread/INFO]: [@: Summoned new Primed TNT]
[10:52:06] [Server thread/INFO]: [@: Summoned new Primed TNT]
[10:52:06] [Server thread/INFO]: [@: Summoned new Primed TNT]
[10:52:06] [Server thread/INFO]: [@: Summoned new Primed TNT]
[10:52:06] [Server thread/INFO]: [@: Summoned new Primed TNT]
[10:52:06] [Server thread/INFO]: [@: Summoned new Primed TNT]
[10:52:06] [Server thread/INFO]: [@: Summoned new Primed TNT]
[10:52:06] [Server thread/INFO]: [@: Summoned new Primed TNT]
[10:52:06] [Server thread/INFO]: [@: Summoned new Primed TNT]
[10:52:06] [Server thread/INFO]: [@: Summoned new Primed TNT]
[10:52:10] [Server thread/INFO]: [@: Summoned new Primed TNT]
[10:52:10] [Server thread/INFO]: [@: Summoned new Primed TNT]
[10:52:10] [Server thread/INFO]: [@: Summoned new Primed TNT]
[10:52:10] [Server thread/INFO]: [@: Summoned new Primed TNT]
[10:52:10] [Server thread/INFO]: [@: Summoned new Primed TNT]
[10:52:10] [Server thread/INFO]: [@: Summoned new Primed TNT]
[10:52:10] [Server thread/INFO]: [@: Summoned new Primed TNT]
[10:52:10] [Server thread/INFO]: [@: Summoned new Primed TNT]
[10:52:10] [Server thread/INFO]: [@: Summoned new Primed TNT]
[10:52:10] [Server thread/INFO]: [@: Summoned new Primed TNT]
[10:52:10] [Server thread/INFO]: [@: Summoned new Primed TNT]
[10:52:10] [Server thread/INFO]: [@: Summoned new Primed TNT]
[10:52:10] [Server thread/INFO]: [@: Summoned new Primed TNT]
[10:52:10] [Server thread/INFO]: [@: Summoned new Primed TNT]
[10:52:10] [Server thread/INFO]: [@: Summoned new Primed TNT]
[10:52:10] [Server thread/INFO]: [@: Summoned new Primed TNT]
[10:52:11] [Server thread/INFO]: [@: Summoned new Primed TNT]
[10:52:11] [Server thread/INFO]: [@: Summoned new Primed TNT]
[10:52:11] [Server thread/INFO]: [@: Summoned new Primed TNT]
[10:52:11] [Server thread/INFO]: [@: Summoned new Primed TNT]
[10:52:11] [Server thread/INFO]: [@: Summoned new Primed TNT]
[10:52:11] [Server thread/INFO]: [@: Summoned new Primed TNT]
[10:52:11] [Server thread/INFO]: [@: Summoned new Primed TNT]
[10:52:11] [Server thread/INFO]: [@: Summoned new Primed TNT]
[10:52:11] [Server thread/INFO]: [@: Summoned new Primed TNT]
[10:52:11] [Server thread/INFO]: [@: Summoned new Primed TNT]
[10:52:11] [Server thread/INFO]: [@: Summoned new Primed TNT]
[10:52:11] [Server thread/INFO]: [@: Summoned new Primed TNT]
[10:52:11] [Server thread/INFO]: [@: Summoned new Primed TNT]
[10:52:20] [Server thread/INFO]: [@: Summoned new Primed TNT]
[10:52:21] [Server thread/INFO]: [@: Summoned new Primed TNT]
[10:52:21] [Server thread/INFO]: [@: Summoned new Primed TNT]
[10:52:21] [Server thread/INFO]: [@: Summoned new Primed TNT]
[10:52:21] [Server thread/INFO]: [@: Summoned new Primed TNT]
[10:52:21] [Server thread/INFO]: [@: Summoned new Primed TNT]
[10:52:21] [Server thread/INFO]: [@: Summoned new Primed TNT]
[10:52:21] [Server thread/INFO]: [@: Summoned new Primed TNT]
[10:52:21] [Server thread/INFO]: [@: Summoned new Primed TNT]
[10:52:21] [Server thread/INFO]: [@: Summoned new Primed TNT]
[10:52:21] [Server thread/INFO]: [@: Summoned new Primed TNT]
[10:52:21] [Server thread/INFO]: [@: Summoned new Primed TNT]
[10:52:21] [Server thread/INFO]: [@: Summoned new Primed TNT]
[10:52:21] [Server thread/INFO]: [@: Summoned new Primed TNT]
[10:52:21] [Server thread/INFO]: [@: Summoned new Primed TNT]
[10:52:21] [Server thread/INFO]: [@: Summoned new Primed TNT]
[10:52:21] [Server thread/INFO]: [@: Summoned new Primed TNT]
[10:52:21] [Server thread/INFO]: [@: Summoned new Primed TNT]
[10:52:21] [Server thread/INFO]: [@: Summoned new Primed TNT]
[10:52:21] [Server thread/INFO]: [@: Summoned new Primed TNT]
[10:52:21] [Server thread/INFO]: [@: Summoned new Primed TNT]
[10:52:21] [Server thread/INFO]: [@: Summoned new Primed TNT]
[10:52:21] [Server thread/INFO]: [@: Summoned new Primed TNT]
[10:52:21] [Server thread/INFO]: [@: Summoned new Primed TNT]
[10:52:21] [Server thread/INFO]: [@: Summoned new Primed TNT]
[10:52:21] [Server thread/INFO]: [@: Summoned new Primed TNT]
[10:52:21] [Server thread/INFO]: [@: Summoned new Primed TNT]
[10:52:22] [Server thread/INFO]: [@: Summoned new Primed TNT]
[10:52:22] [Server thread/INFO]: [@: Summoned new Primed TNT]
[10:52:22] [Server thread/INFO]: [@: Summoned new Primed TNT]
[10:52:22] [Server thread/INFO]: [@: Summoned new Primed TNT]
[10:52:22] [Server thread/INFO]: [@: Summoned new Primed TNT]
[10:52:22] [Server thread/INFO]: [@: Summoned new Primed TNT]
[10:52:22] [Server thread/INFO]: [@: Summoned new Primed TNT]
[10:52:22] [Server thread/INFO]: [@: Summoned new Primed TNT]
[10:52:22] [Server thread/INFO]: [@: Summoned new Primed TNT]
[10:52:22] [Server thread/INFO]: [@: Summoned new Primed TNT]
[10:52:22] [Server thread/INFO]: [@: Summoned new Primed TNT]
[10:52:22] [Server thread/INFO]: [@: Summoned new Primed TNT]
[10:52:22] [Server thread/INFO]: [@: Summoned new Primed TNT]
[10:52:22] [Server thread/INFO]: [@: Summoned new Primed TNT]
[10:52:22] [Server thread/INFO]: [@: Summoned new Primed TNT]
[10:52:22] [Server thread/INFO]: [@: Summoned new Primed TNT]
[10:52:22] [Server thread/INFO]: [@: Summoned new Primed TNT]
[10:52:22] [Server thread/INFO]: [@: Summoned new Primed TNT]
[10:52:22] [Server thread/INFO]: [@: Summoned new Primed TNT]
[10:52:22] [Server thread/INFO]: [@: Summoned new Primed TNT]
[10:52:22] [Server thread/INFO]: [@: Summoned new Primed TNT]
[10:52:22] [Server thread/INFO]: [@: Summoned new Primed TNT]
[10:52:22] [Server thread/INFO]: [@: Summoned new Primed TNT]
[10:52:22] [Server thread/INFO]: [@: Summoned new Primed TNT]
[10:52:22] [Server thread/INFO]: [@: Summoned new Primed TNT]
[10:52:22] [Server thread/INFO]: [@: Summoned new Primed TNT]
[10:52:22] [Server thread/INFO]: [@: Summoned new Primed TNT]
[10:52:22] [Server thread/INFO]: [@: Summoned new Primed TNT]
[10:52:22] [Server thread/INFO]: [@: Summoned new Primed TNT]
[10:52:22] [Server thread/INFO]: [@: Summoned new Primed TNT]
[10:52:22] [Server thread/INFO]: [@: Summoned new Primed TNT]
[10:52:22] [Server thread/INFO]: [@: Summoned new Primed TNT]
[10:52:22] [Server thread/INFO]: [@: Summoned new Primed TNT]
[10:52:22] [Server thread/INFO]: [@: Summoned new Primed TNT]
[10:52:22] [Server thread/INFO]: [@: Summoned new Primed TNT]
[10:52:22] [Server thread/INFO]: [@: Summoned new Primed TNT]
[10:52:22] [Server thread/INFO]: [@: Summoned new Primed TNT]
[10:52:22] [Server thread/INFO]: [@: Summoned new Primed TNT]
[10:52:22] [Server thread/INFO]: [@: Summoned new Primed TNT]
[10:52:22] [Server thread/INFO]: [@: Summoned new Primed TNT]
[10:52:22] [Server thread/INFO]: [@: Summoned new Primed TNT]
[10:52:22] [Server thread/INFO]: [@: Summoned new Primed TNT]
[10:52:22] [Server thread/INFO]: [@: Summoned new Primed TNT]
[10:52:22] [Server thread/INFO]: [@: Summoned new Primed TNT]
[10:52:22] [Server thread/INFO]: [@: Summoned new Primed TNT]
[10:52:22] [Server thread/INFO]: [@: Summoned new Primed TNT]
[10:52:22] [Server thread/INFO]: [@: Summoned new Primed TNT]
[10:52:23] [Server thread/INFO]: [@: Summoned new Primed TNT]
[10:52:23] [Server thread/INFO]: [@: Summoned new Primed TNT]
[10:52:23] [Server thread/INFO]: [@: Summoned new Primed TNT]
[10:52:23] [Server thread/INFO]: [@: Summoned new Primed TNT]
[10:52:23] [Server thread/INFO]: [@: Summoned new Primed TNT]
[10:52:23] [Server thread/INFO]: [@: Summoned new Primed TNT]
[10:52:23] [Server thread/INFO]: [@: Summoned new Primed TNT]
[10:52:23] [Server thread/INFO]: [@: Summoned new Primed TNT]
[10:52:23] [Server thread/INFO]: [@: Summoned new Primed TNT]
[10:52:23] [Server thread/INFO]: [@: Summoned new Primed TNT]
[10:52:23] [Server thread/INFO]: [@: Summoned new Primed TNT]
[10:52:23] [Server thread/INFO]: [@: Summoned new Primed TNT]
[10:52:23] [Server thread/INFO]: [@: Summoned new Primed TNT]
[10:52:23] [Server thread/INFO]: [@: Summoned new Primed TNT]
[10:52:23] [Server thread/INFO]: [@: Summoned new Primed TNT]
[10:52:23] [Server thread/INFO]: [@: Summoned new Primed TNT]
[10:52:23] [Server thread/INFO]: [@: Summoned new Primed TNT]
[10:52:23] [Server thread/INFO]: [@: Summoned new Primed TNT]
[10:52:23] [Server thread/INFO]: [@: Summoned new Primed TNT]
[10:52:23] [Server thread/INFO]: [@: Summoned new Primed TNT]
[10:52:23] [Server thread/INFO]: [@: Summoned new Primed TNT]
[10:52:23] [Server thread/INFO]: [@: Summoned new Primed TNT]
[10:52:23] [Server thread/INFO]: [@: Summoned new Primed TNT]
[10:52:23] [Server thread/INFO]: [@: Summoned new Primed TNT]
[10:52:23] [Server thread/INFO]: [@: Summoned new Primed TNT]
[10:52:23] [Server thread/INFO]: [@: Summoned new Primed TNT]
[10:52:23] [Server thread/INFO]: [@: Summoned new Primed TNT]
[10:52:23] [Server thread/INFO]: [@: Summoned new Primed TNT]
[10:52:24] [Server thread/INFO]: [@: Summoned new Primed TNT]
[10:52:24] [Server thread/INFO]: [@: Summoned new Primed TNT]
[10:52:24] [Server thread/INFO]: [@: Summoned new Primed TNT]
[10:52:24] [Server thread/INFO]: [@: Summoned new Primed TNT]
[10:52:24] [Server thread/INFO]: ThroneS has made the advancement [Sneak 100]
[10:52:54] [Server thread/INFO]: [chira1785: Teleported chira1785 to 96.500000, 100.000000, 512.500000]
[10:54:24] [Server thread/INFO]: [chira1785: Teleported ThroneS to chira1785]
[10:57:09] [Server thread/INFO]: chira1785 has made the advancement [Acquire Hardware]
[10:58:39] [Server thread/INFO]: chira1785 has completed the challenge [Cover Me in Debris]
[10:59:18] [Server thread/INFO]: [chira1785: Applied enchantment Protection IV to chira1785's item]
[10:59:20] [Server thread/INFO]: [chira1785: Applied enchantment Protection IV to chira1785's item]
[10:59:22] [Server thread/INFO]: [chira1785: Applied enchantment Protection IV to chira1785's item]
[10:59:23] [Server thread/INFO]: [chira1785: Applied enchantment Protection IV to chira1785's item]
[10:59:38] [Server thread/INFO]: ThroneS has completed the challenge [Cover Me in Debris]
[10:59:46] [Server thread/INFO]: [chira1785: Applied enchantment Protection IV to ThroneS's item]
[10:59:51] [Server thread/INFO]: [chira1785: Applied enchantment Protection IV to ThroneS's item]
[10:59:54] [Server thread/INFO]: [chira1785: Applied enchantment Protection IV to ThroneS's item]
[10:59:55] [Server thread/INFO]: [chira1785: Applied enchantment Protection IV to ThroneS's item]
[11:00:46] [Server thread/INFO]: [chira1785: Applied enchantment Sharpness V to 2 entities]
[11:00:55] [Server thread/INFO]: [chira1785: Applied enchantment Fire Aspect II to 2 entities]
[11:01:07] [Server thread/INFO]: [chira1785: Applied enchantment Sweeping Edge I to 2 entities]
[11:02:32] [Server thread/INFO]: [ThroneS: Set own game mode to Survival Mode]
[11:04:27] [Server thread/INFO]: [chira1785: Set own game mode to Survival Mode]
[11:04:28] [Server thread/INFO]: [ThroneS: Set own game mode to Creative Mode]
[11:06:02] [Server thread/INFO]: [chira1785: Set own game mode to Creative Mode]
[11:06:09] [Server thread/INFO]: [chira1785: Set own game mode to Survival Mode]
[11:08:12] [Server thread/INFO]: [chira1785: Killed Warden]
[11:09:04] [Server thread/INFO]: chira1785 has completed the challenge [It Spreads]
[11:10:55] [Server thread/INFO]: [chira1785: Set own game mode to Creative Mode]
[11:11:50] [Server thread/INFO]: [chira1785: Applied enchantment Unbreaking III to chira1785's item]
[11:11:51] [Server thread/INFO]: [chira1785: Applied enchantment Unbreaking III to chira1785's item]
[11:11:53] [Server thread/INFO]: [chira1785: Applied enchantment Unbreaking III to chira1785's item]
[11:11:55] [Server thread/INFO]: [chira1785: Applied enchantment Unbreaking III to chira1785's item]
[11:12:01] [Server thread/INFO]: ThroneS has completed the challenge [It Spreads]
[11:12:20] [Server thread/INFO]: Locating element minecraft:ancient_city took 0 ms
[11:12:36] [Server thread/INFO]: Locating element minecraft:ancient_city took 0 ms
[11:12:44] [Server thread/INFO]: Locating element minecraft:ancient_city took 1 ms
[11:12:47] [Server thread/WARN]: chira1785 moved too quickly! -0.21180805257131397,-3.374943582345921,-10.180213765660255
[11:12:51] [Server thread/INFO]: Locating element minecraft:ancient_city took 0 ms
[11:13:01] [Server thread/INFO]: [ThroneS: Teleported ThroneS to chira1785]
[11:13:02] [Server thread/INFO]: Locating element minecraft:ancient_city took 0 ms
[11:13:09] [Server thread/WARN]: Can't keep up! Is the server overloaded? Running 2169ms or 43 ticks behind
[11:13:09] [Server thread/WARN]: chira1785 moved too quickly! 26.011070267261175,0.0,-2.4964154919622388
[11:13:09] [Server thread/INFO]: Locating element minecraft:ancient_city took 96 ms
[11:13:26] [Server thread/INFO]: [chira1785: Teleported chira1785 to 144.500000, -45.000000, -239.500000]
[11:13:28] [Server thread/INFO]: [ThroneS: Teleported ThroneS to chira1785]
[11:14:48] [Server thread/INFO]: [chira1785: Set own game mode to Survival Mode]
[11:15:47] [Server thread/INFO]: ThroneS has made the advancement [Suit Up]
[11:15:54] [Server thread/INFO]: [chira1785: Set own game mode to Creative Mode]
[11:16:14] [Server thread/INFO]: [chira1785: Set ThroneS's game mode to Survival Mode]
[11:16:20] [Server thread/INFO]: [ThroneS: Set own game mode to Creative Mode]
[11:16:22] [Server thread/INFO]: [chira1785: Teleported chira1785 to ThroneS]
[11:16:29] [Server thread/INFO]: [chira1785: Set ThroneS's game mode to Survival Mode]
[11:16:33] [Server thread/INFO]: [ThroneS: Set own game mode to Creative Mode]
[11:16:53] [Server thread/INFO]: [ThroneS: Set own game mode to Survival Mode]
[11:16:55] [Server thread/INFO]: [chira1785: Set own game mode to Survival Mode]
[11:17:39] [Server thread/INFO]: [ThroneS: Set own game mode to Creative Mode]
[11:17:47] [Server thread/INFO]: [ThroneS: Set own game mode to Survival Mode]
[11:18:35] [Server thread/INFO]: [chira1785: Gave 64 [Golden Apple] to 2]
[11:19:37] [Server thread/INFO]: [ThroneS: Set own game mode to Creative Mode]
[11:19:49] [Server thread/INFO]: [chira1785: Applied enchantment Density V to chira1785's item]
[11:19:56] [Server thread/INFO]: [chira1785: Applied enchantment Wind Burst I to chira1785's item]
[11:20:10] [Server thread/INFO]: [chira1785: Gave 64 [Wind Charge] to 2]
[11:20:24] [Server thread/INFO]: chira1785 has made the advancement [Who Needs Rockets?]
[11:21:14] [Server thread/INFO]: chira1785 was obliterated by a sonically-charged shriek
[11:21:20] [Server thread/INFO]: [chira1785: Teleported chira1785 to ThroneS]
[11:21:25] [Server thread/INFO]: [chira1785: Set own game mode to Creative Mode]
[11:22:54] [Server thread/INFO]: [chira1785: Gave 128 [Wind Charge] to 2]
[11:23:49] [Server thread/INFO]: [chira1785: Set the target tick rate to 1000.0 per second]
[11:23:51] [Server thread/WARN]: Can't keep up! Is the server overloaded? Running 1021ms or 1021 ticks behind
[11:24:22] [Server thread/INFO]: [ThroneS: Set own game mode to Survival Mode]
[11:24:23] [Server thread/WARN]: Can't keep up! Is the server overloaded? Running 22078ms or 22078 ticks behind
[11:24:27] [Server thread/INFO]: [chira1785: Set the target tick rate to 10.0 per second]
[11:24:30] [Server thread/INFO]: [chira1785: Set the target tick rate to 20.0 per second]
[11:24:43] [Server thread/INFO]: [chira1785: Teleported chira1785 to ThroneS]
[11:24:48] [Server thread/INFO]: [chira1785: Set own game mode to Survival Mode]
[11:25:09] [Server thread/INFO]: ThroneS hit the ground too hard while trying to escape Warden
[11:26:20] [Server thread/INFO]: ThroneS has made the advancement [Who Needs Rockets?]
[11:29:17] [Server thread/INFO]: [chira1785: Gave 128 [Wind Charge] to 2]
[11:31:27] [Server thread/INFO]: [ThroneS: Set own game mode to Creative Mode]
[11:34:16] [Server thread/INFO]: [ThroneS: Set own game mode to Survival Mode]
[11:35:08] [Server thread/INFO]: ThroneS was slain by Warden
